file,line,type,commit,author,date,time,timezone,datetime,depth,length
style.css,1,css,5cf46592,lilliantran22,2025-10-03,16:58:05,-07:00,2025-10-03T16:58:05-07:00,0,4
style.css,2,css,100a2c23,lilliantran22,2025-10-10,20:54:53,-07:00,2025-10-10T20:54:53-07:00,1,10
style.css,3,css,100a2c23,lilliantran22,2025-10-10,20:54:53,-07:00,2025-10-10T20:54:53-07:00,1,8
style.css,4,css,100a2c23,lilliantran22,2025-10-10,20:54:53,-07:00,2025-10-10T20:54:53-07:00,1,9
style.css,5,css,100a2c23,lilliantran22,2025-10-10,20:54:53,-07:00,2025-10-10T20:54:53-07:00,1,33
style.css,6,css,100a2c23,lilliantran22,2025-10-10,20:54:53,-07:00,2025-10-10T20:54:53-07:00,1,15
style.css,7,css,100a2c23,lilliantran22,2025-10-10,20:54:53,-07:00,2025-10-10T20:54:53-07:00,1,15
style.css,8,css,100a2c23,lilliantran22,2025-10-10,20:54:53,-07:00,2025-10-10T20:54:53-07:00,1,18
style.css,9,css,100a2c23,lilliantran22,2025-10-10,20:54:53,-07:00,2025-10-10T20:54:53-07:00,1,18
style.css,10,css,5cf46592,lilliantran22,2025-10-03,16:58:05,-07:00,2025-10-03T16:58:05-07:00,0,0
style.css,11,css,100a2c23,lilliantran22,2025-10-10,20:54:53,-07:00,2025-10-10T20:54:53-07:00,0,0
style.css,12,css,1387641c,lilliantran22,2025-10-31,21:35:07,-07:00,2025-10-31T21:35:07-07:00,0,28
style.css,13,css,d2d01537,lilliantran22,2025-10-17,22:00:21,-07:00,2025-10-17T22:00:21-07:00,0,5
style.css,14,css,d2d01537,lilliantran22,2025-10-17,22:00:21,-07:00,2025-10-17T22:00:21-07:00,1,23
style.css,15,css,d2d01537,lilliantran22,2025-10-17,22:00:21,-07:00,2025-10-17T22:00:21-07:00,1,18
style.css,16,css,d2d01537,lilliantran22,2025-10-17,22:00:21,-07:00,2025-10-17T22:00:21-07:00,1,16
style.css,17,css,d2d01537,lilliantran22,2025-10-17,22:00:21,-07:00,2025-10-17T22:00:21-07:00,1,22
style.css,18,css,d2d01537,lilliantran22,2025-10-17,22:00:21,-07:00,2025-10-17T22:00:21-07:00,1,22
style.css,19,css,1387641c,lilliantran22,2025-10-31,21:35:07,-07:00,2025-10-31T21:35:07-07:00,1,22
style.css,20,css,d2d01537,lilliantran22,2025-10-17,22:00:21,-07:00,2025-10-17T22:00:21-07:00,0,0
style.css,21,css,d2d01537,lilliantran22,2025-10-17,22:00:21,-07:00,2025-10-17T22:00:21-07:00,0,0
style.css,22,css,d2d01537,lilliantran22,2025-10-17,22:00:21,-07:00,2025-10-17T22:00:21-07:00,0,35
style.css,23,css,d2d01537,lilliantran22,2025-10-17,22:00:21,-07:00,2025-10-17T22:00:21-07:00,1,5
style.css,24,css,d2d01537,lilliantran22,2025-10-17,22:00:21,-07:00,2025-10-17T22:00:21-07:00,2,23
style.css,25,css,d2d01537,lilliantran22,2025-10-17,22:00:21,-07:00,2025-10-17T22:00:21-07:00,2,18
style.css,26,css,d2d01537,lilliantran22,2025-10-17,22:00:21,-07:00,2025-10-17T22:00:21-07:00,2,18
style.css,27,css,d2d01537,lilliantran22,2025-10-17,22:00:21,-07:00,2025-10-17T22:00:21-07:00,2,22
style.css,28,css,d2d01537,lilliantran22,2025-10-17,22:00:21,-07:00,2025-10-17T22:00:21-07:00,2,22
style.css,29,css,1387641c,lilliantran22,2025-10-31,21:35:07,-07:00,2025-10-31T21:35:07-07:00,2,19
style.css,30,css,d2d01537,lilliantran22,2025-10-17,22:00:21,-07:00,2025-10-17T22:00:21-07:00,1,0
style.css,31,css,d2d01537,lilliantran22,2025-10-17,22:00:21,-07:00,2025-10-17T22:00:21-07:00,0,0
style.css,32,css,1387641c,lilliantran22,2025-10-31,21:35:07,-07:00,2025-10-31T21:35:07-07:00,0,0
style.css,33,css,1387641c,lilliantran22,2025-10-31,21:35:07,-07:00,2025-10-31T21:35:07-07:00,0,19
style.css,34,css,1387641c,lilliantran22,2025-10-31,21:35:07,-07:00,2025-10-31T21:35:07-07:00,1,18
style.css,35,css,1387641c,lilliantran22,2025-10-31,21:35:07,-07:00,2025-10-31T21:35:07-07:00,1,18
style.css,36,css,1387641c,lilliantran22,2025-10-31,21:35:07,-07:00,2025-10-31T21:35:07-07:00,1,22
style.css,37,css,1387641c,lilliantran22,2025-10-31,21:35:07,-07:00,2025-10-31T21:35:07-07:00,1,22
style.css,38,css,1387641c,lilliantran22,2025-10-31,21:35:07,-07:00,2025-10-31T21:35:07-07:00,1,19
style.css,39,css,d2d01537,lilliantran22,2025-10-17,22:00:21,-07:00,2025-10-17T22:00:21-07:00,0,0
style.css,40,css,d2d01537,lilliantran22,2025-10-17,22:00:21,-07:00,2025-10-17T22:00:21-07:00,0,0
style.css,41,css,1387641c,lilliantran22,2025-10-31,21:35:07,-07:00,2025-10-31T21:35:07-07:00,0,20
style.css,42,css,d2d01537,lilliantran22,2025-10-17,22:00:21,-07:00,2025-10-17T22:00:21-07:00,1,18
style.css,43,css,d2d01537,lilliantran22,2025-10-17,22:00:21,-07:00,2025-10-17T22:00:21-07:00,1,16
style.css,44,css,d2d01537,lilliantran22,2025-10-17,22:00:21,-07:00,2025-10-17T22:00:21-07:00,1,22
style.css,45,css,d2d01537,lilliantran22,2025-10-17,22:00:21,-07:00,2025-10-17T22:00:21-07:00,1,22
style.css,46,css,1387641c,lilliantran22,2025-10-31,21:35:07,-07:00,2025-10-31T21:35:07-07:00,1,22
style.css,47,css,d2d01537,lilliantran22,2025-10-17,22:00:21,-07:00,2025-10-17T22:00:21-07:00,0,0
style.css,48,css,d2d01537,lilliantran22,2025-10-17,22:00:21,-07:00,2025-10-17T22:00:21-07:00,0,0
style.css,49,css,1387641c,lilliantran22,2025-10-31,21:35:07,-07:00,2025-10-31T21:35:07-07:00,0,16
style.css,50,css,1387641c,lilliantran22,2025-10-31,21:35:07,-07:00,2025-10-31T21:35:07-07:00,0,4
style.css,51,css,1387641c,lilliantran22,2025-10-31,21:35:07,-07:00,2025-10-31T21:35:07-07:00,1,23
style.css,52,css,1387641c,lilliantran22,2025-10-31,21:35:07,-07:00,2025-10-31T21:35:07-07:00,1,32
style.css,53,css,1387641c,lilliantran22,2025-10-31,21:35:07,-07:00,2025-10-31T21:35:07-07:00,0,0
style.css,54,css,d2d01537,lilliantran22,2025-10-17,22:00:21,-07:00,2025-10-17T22:00:21-07:00,0,0
style.css,55,css,1387641c,lilliantran22,2025-10-31,21:35:07,-07:00,2025-10-31T21:35:07-07:00,0,26
style.css,56,css,100a2c23,lilliantran22,2025-10-10,20:54:53,-07:00,2025-10-10T20:54:53-07:00,0,3
style.css,57,css,100a2c23,lilliantran22,2025-10-10,20:54:53,-07:00,2025-10-10T20:54:53-07:00,1,12
style.css,58,css,1387641c,lilliantran22,2025-10-31,21:35:07,-07:00,2025-10-31T21:35:07-07:00,1,28
style.css,59,css,100a2c23,lilliantran22,2025-10-10,20:54:53,-07:00,2025-10-10T20:54:53-07:00,1,18
style.css,60,css,100a2c23,lilliantran22,2025-10-10,20:54:53,-07:00,2025-10-10T20:54:53-07:00,1,7
style.css,61,css,100a2c23,lilliantran22,2025-10-10,20:54:53,-07:00,2025-10-10T20:54:53-07:00,1,19
style.css,62,css,1387641c,lilliantran22,2025-10-31,21:35:07,-07:00,2025-10-31T21:35:07-07:00,1,43
style.css,63,css,1387641c,lilliantran22,2025-10-31,21:35:07,-07:00,2025-10-31T21:35:07-07:00,1,11
style.css,64,css,100a2c23,lilliantran22,2025-10-10,20:54:53,-07:00,2025-10-10T20:54:53-07:00,1,21
style.css,65,css,100a2c23,lilliantran22,2025-10-10,20:54:53,-07:00,2025-10-10T20:54:53-07:00,0,0
style.css,66,css,100a2c23,lilliantran22,2025-10-10,20:54:53,-07:00,2025-10-10T20:54:53-07:00,0,0
style.css,67,css,100a2c23,lilliantran22,2025-10-10,20:54:53,-07:00,2025-10-10T20:54:53-07:00,0,5
style.css,68,css,100a2c23,lilliantran22,2025-10-10,20:54:53,-07:00,2025-10-10T20:54:53-07:00,1,20
style.css,69,css,d2d01537,lilliantran22,2025-10-17,22:00:21,-07:00,2025-10-17T22:00:21-07:00,1,23
style.css,70,css,100a2c23,lilliantran22,2025-10-10,20:54:53,-07:00,2025-10-10T20:54:53-07:00,1,11
style.css,71,css,100a2c23,lilliantran22,2025-10-10,20:54:53,-07:00,2025-10-10T20:54:53-07:00,1,17
style.css,72,css,100a2c23,lilliantran22,2025-10-10,20:54:53,-07:00,2025-10-10T20:54:53-07:00,1,13
style.css,73,css,1387641c,lilliantran22,2025-10-31,21:35:07,-07:00,2025-10-31T21:35:07-07:00,1,11
style.css,74,css,100a2c23,lilliantran22,2025-10-10,20:54:53,-07:00,2025-10-10T20:54:53-07:00,1,12
style.css,75,css,100a2c23,lilliantran22,2025-10-10,20:54:53,-07:00,2025-10-10T20:54:53-07:00,1,18
style.css,76,css,100a2c23,lilliantran22,2025-10-10,20:54:53,-07:00,2025-10-10T20:54:53-07:00,1,22
style.css,77,css,100a2c23,lilliantran22,2025-10-10,20:54:53,-07:00,2025-10-10T20:54:53-07:00,1,62
style.css,78,css,100a2c23,lilliantran22,2025-10-10,20:54:53,-07:00,2025-10-10T20:54:53-07:00,1,21
style.css,79,css,1387641c,lilliantran22,2025-10-31,21:35:07,-07:00,2025-10-31T21:35:07-07:00,1,35
style.css,80,css,100a2c23,lilliantran22,2025-10-10,20:54:53,-07:00,2025-10-10T20:54:53-07:00,0,0
style.css,81,css,100a2c23,lilliantran22,2025-10-10,20:54:53,-07:00,2025-10-10T20:54:53-07:00,0,0
style.css,82,css,100a2c23,lilliantran22,2025-10-10,20:54:53,-07:00,2025-10-10T20:54:53-07:00,0,11
style.css,83,css,1387641c,lilliantran22,2025-10-31,21:35:07,-07:00,2025-10-31T21:35:07-07:00,1,73
style.css,84,css,1387641c,lilliantran22,2025-10-31,21:35:07,-07:00,2025-10-31T21:35:07-07:00,1,43
style.css,85,css,100a2c23,lilliantran22,2025-10-10,20:54:53,-07:00,2025-10-10T20:54:53-07:00,0,0
style.css,86,css,100a2c23,lilliantran22,2025-10-10,20:54:53,-07:00,2025-10-10T20:54:53-07:00,0,0
style.css,87,css,100a2c23,lilliantran22,2025-10-10,20:54:53,-07:00,2025-10-10T20:54:53-07:00,0,13
style.css,88,css,1387641c,lilliantran22,2025-10-31,21:35:07,-07:00,2025-10-31T21:35:07-07:00,1,73
style.css,89,css,1387641c,lilliantran22,2025-10-31,21:35:07,-07:00,2025-10-31T21:35:07-07:00,1,43
style.css,90,css,1387641c,lilliantran22,2025-10-31,21:35:07,-07:00,2025-10-31T21:35:07-07:00,0,0
style.css,91,css,1387641c,lilliantran22,2025-10-31,21:35:07,-07:00,2025-10-31T21:35:07-07:00,0,0
style.css,92,css,1387641c,lilliantran22,2025-10-31,21:35:07,-07:00,2025-10-31T21:35:07-07:00,0,28
style.css,93,css,1387641c,lilliantran22,2025-10-31,21:35:07,-07:00,2025-10-31T21:35:07-07:00,0,9
style.css,94,css,1387641c,lilliantran22,2025-10-31,21:35:07,-07:00,2025-10-31T21:35:07-07:00,1,12
style.css,95,css,1387641c,lilliantran22,2025-10-31,21:35:07,-07:00,2025-10-31T21:35:07-07:00,1,58
style.css,96,css,1387641c,lilliantran22,2025-10-31,21:35:07,-07:00,2025-10-31T21:35:07-07:00,1,7
style.css,97,css,1387641c,lilliantran22,2025-10-31,21:35:07,-07:00,2025-10-31T21:35:07-07:00,1,22
style.css,98,css,1387641c,lilliantran22,2025-10-31,21:35:07,-07:00,2025-10-31T21:35:07-07:00,0,0
style.css,99,css,1387641c,lilliantran22,2025-10-31,21:35:07,-07:00,2025-10-31T21:35:07-07:00,0,0
style.css,100,css,1387641c,lilliantran22,2025-10-31,21:35:07,-07:00,2025-10-31T21:35:07-07:00,0,17
style.css,101,css,1387641c,lilliantran22,2025-10-31,21:35:07,-07:00,2025-10-31T21:35:07-07:00,1,12
style.css,102,css,1387641c,lilliantran22,2025-10-31,21:35:07,-07:00,2025-10-31T21:35:07-07:00,1,21
style.css,103,css,1387641c,lilliantran22,2025-10-31,21:35:07,-07:00,2025-10-31T21:35:07-07:00,1,10
style.css,104,css,1387641c,lilliantran22,2025-10-31,21:35:07,-07:00,2025-10-31T21:35:07-07:00,1,11
style.css,105,css,1387641c,lilliantran22,2025-10-31,21:35:07,-07:00,2025-10-31T21:35:07-07:00,1,36
style.css,106,css,1387641c,lilliantran22,2025-10-31,21:35:07,-07:00,2025-10-31T21:35:07-07:00,1,17
style.css,107,css,1387641c,lilliantran22,2025-10-31,21:35:07,-07:00,2025-10-31T21:35:07-07:00,1,32
style.css,108,css,1387641c,lilliantran22,2025-10-31,21:35:07,-07:00,2025-10-31T21:35:07-07:00,0,0
style.css,109,css,1387641c,lilliantran22,2025-10-31,21:35:07,-07:00,2025-10-31T21:35:07-07:00,0,0
style.css,110,css,1387641c,lilliantran22,2025-10-31,21:35:07,-07:00,2025-10-31T21:35:07-07:00,0,12
style.css,111,css,1387641c,lilliantran22,2025-10-31,21:35:07,-07:00,2025-10-31T21:35:07-07:00,1,8
style.css,112,css,1387641c,lilliantran22,2025-10-31,21:35:07,-07:00,2025-10-31T21:35:07-07:00,1,25
style.css,113,css,1387641c,lilliantran22,2025-10-31,21:35:07,-07:00,2025-10-31T21:35:07-07:00,1,15
style.css,114,css,1387641c,lilliantran22,2025-10-31,21:35:07,-07:00,2025-10-31T21:35:07-07:00,1,43
style.css,115,css,1387641c,lilliantran22,2025-10-31,21:35:07,-07:00,2025-10-31T21:35:07-07:00,1,21
style.css,116,css,1387641c,lilliantran22,2025-10-31,21:35:07,-07:00,2025-10-31T21:35:07-07:00,0,0
style.css,117,css,1387641c,lilliantran22,2025-10-31,21:35:07,-07:00,2025-10-31T21:35:07-07:00,0,0
style.css,118,css,1387641c,lilliantran22,2025-10-31,21:35:07,-07:00,2025-10-31T21:35:07-07:00,0,13
style.css,119,css,1387641c,lilliantran22,2025-10-31,21:35:07,-07:00,2025-10-31T21:35:07-07:00,1,10
style.css,120,css,1387641c,lilliantran22,2025-10-31,21:35:07,-07:00,2025-10-31T21:35:07-07:00,1,11
style.css,121,css,1387641c,lilliantran22,2025-10-31,21:35:07,-07:00,2025-10-31T21:35:07-07:00,1,17
style.css,122,css,1387641c,lilliantran22,2025-10-31,21:35:07,-07:00,2025-10-31T21:35:07-07:00,0,0
style.css,123,css,1387641c,lilliantran22,2025-10-31,21:35:07,-07:00,2025-10-31T21:35:07-07:00,0,0
style.css,124,css,1387641c,lilliantran22,2025-10-31,21:35:07,-07:00,2025-10-31T21:35:07-07:00,0,11
style.css,125,css,1387641c,lilliantran22,2025-10-31,21:35:07,-07:00,2025-10-31T21:35:07-07:00,1,8
style.css,126,css,1387641c,lilliantran22,2025-10-31,21:35:07,-07:00,2025-10-31T21:35:07-07:00,1,11
style.css,127,css,1387641c,lilliantran22,2025-10-31,21:35:07,-07:00,2025-10-31T21:35:07-07:00,0,0
style.css,128,css,1387641c,lilliantran22,2025-10-31,21:35:07,-07:00,2025-10-31T21:35:07-07:00,0,0
style.css,129,css,1387641c,lilliantran22,2025-10-31,21:35:07,-07:00,2025-10-31T21:35:07-07:00,0,15
style.css,130,css,1387641c,lilliantran22,2025-10-31,21:35:07,-07:00,2025-10-31T21:35:07-07:00,1,60
style.css,131,css,1387641c,lilliantran22,2025-10-31,21:35:07,-07:00,2025-10-31T21:35:07-07:00,1,16
style.css,132,css,1387641c,lilliantran22,2025-10-31,21:35:07,-07:00,2025-10-31T21:35:07-07:00,1,15
style.css,133,css,1387641c,lilliantran22,2025-10-31,21:35:07,-07:00,2025-10-31T21:35:07-07:00,1,17
style.css,134,css,1387641c,lilliantran22,2025-10-31,21:35:07,-07:00,2025-10-31T21:35:07-07:00,1,40
style.css,135,css,1387641c,lilliantran22,2025-10-31,21:35:07,-07:00,2025-10-31T21:35:07-07:00,0,0
style.css,136,css,1387641c,lilliantran22,2025-10-31,21:35:07,-07:00,2025-10-31T21:35:07-07:00,0,0
style.css,137,css,1387641c,lilliantran22,2025-10-31,21:35:07,-07:00,2025-10-31T21:35:07-07:00,0,24
style.css,138,css,1387641c,lilliantran22,2025-10-31,21:35:07,-07:00,2025-10-31T21:35:07-07:00,0,2
style.css,139,css,1387641c,lilliantran22,2025-10-31,21:35:07,-07:00,2025-10-31T21:35:07-07:00,1,25
style.css,140,css,1387641c,lilliantran22,2025-10-31,21:35:07,-07:00,2025-10-31T21:35:07-07:00,1,19
style.css,141,css,100a2c23,lilliantran22,2025-10-10,20:54:53,-07:00,2025-10-10T20:54:53-07:00,0,0
style.css,142,css,100a2c23,lilliantran22,2025-10-10,20:54:53,-07:00,2025-10-10T20:54:53-07:00,0,0
style.css,143,css,1387641c,lilliantran22,2025-10-31,21:35:07,-07:00,2025-10-31T21:35:07-07:00,0,27
style.css,144,css,100a2c23,lilliantran22,2025-10-10,20:54:53,-07:00,2025-10-10T20:54:53-07:00,0,4
style.css,145,css,100a2c23,lilliantran22,2025-10-10,20:54:53,-07:00,2025-10-10T20:54:53-07:00,1,12
style.css,146,css,100a2c23,lilliantran22,2025-10-10,20:54:53,-07:00,2025-10-10T20:54:53-07:00,1,30
style.css,147,css,100a2c23,lilliantran22,2025-10-10,20:54:53,-07:00,2025-10-10T20:54:53-07:00,1,13
style.css,148,css,100a2c23,lilliantran22,2025-10-10,20:54:53,-07:00,2025-10-10T20:54:53-07:00,1,18
style.css,149,css,100a2c23,lilliantran22,2025-10-10,20:54:53,-07:00,2025-10-10T20:54:53-07:00,0,0
style.css,150,css,100a2c23,lilliantran22,2025-10-10,20:54:53,-07:00,2025-10-10T20:54:53-07:00,0,0
style.css,151,css,100a2c23,lilliantran22,2025-10-10,20:54:53,-07:00,2025-10-10T20:54:53-07:00,0,10
style.css,152,css,100a2c23,lilliantran22,2025-10-10,20:54:53,-07:00,2025-10-10T20:54:53-07:00,1,17
style.css,153,css,100a2c23,lilliantran22,2025-10-10,20:54:53,-07:00,2025-10-10T20:54:53-07:00,0,0
style.css,154,css,100a2c23,lilliantran22,2025-10-10,20:54:53,-07:00,2025-10-10T20:54:53-07:00,0,0
style.css,155,css,100a2c23,lilliantran22,2025-10-10,20:54:53,-07:00,2025-10-10T20:54:53-07:00,0,9
style.css,156,css,100a2c23,lilliantran22,2025-10-10,20:54:53,-07:00,2025-10-10T20:54:53-07:00,0,12
style.css,157,css,100a2c23,lilliantran22,2025-10-10,20:54:53,-07:00,2025-10-10T20:54:53-07:00,0,11
style.css,158,css,1387641c,lilliantran22,2025-10-31,21:35:07,-07:00,2025-10-31T21:35:07-07:00,1,12
style.css,159,css,100a2c23,lilliantran22,2025-10-10,20:54:53,-07:00,2025-10-10T20:54:53-07:00,1,10
style.css,160,css,100a2c23,lilliantran22,2025-10-10,20:54:53,-07:00,2025-10-10T20:54:53-07:00,1,21
style.css,161,css,1387641c,lilliantran22,2025-10-31,21:35:07,-07:00,2025-10-31T21:35:07-07:00,1,32
style.css,162,css,1387641c,lilliantran22,2025-10-31,21:35:07,-07:00,2025-10-31T21:35:07-07:00,1,23
style.css,163,css,1387641c,lilliantran22,2025-10-31,21:35:07,-07:00,2025-10-31T21:35:07-07:00,1,36
style.css,164,css,1387641c,lilliantran22,2025-10-31,21:35:07,-07:00,2025-10-31T21:35:07-07:00,1,13
style.css,165,css,1387641c,lilliantran22,2025-10-31,21:35:07,-07:00,2025-10-31T21:35:07-07:00,1,17
style.css,166,css,100a2c23,lilliantran22,2025-10-10,20:54:53,-07:00,2025-10-10T20:54:53-07:00,0,0
style.css,167,css,100a2c23,lilliantran22,2025-10-10,20:54:53,-07:00,2025-10-10T20:54:53-07:00,0,0
style.css,168,css,100a2c23,lilliantran22,2025-10-10,20:54:53,-07:00,2025-10-10T20:54:53-07:00,0,11
style.css,169,css,1387641c,lilliantran22,2025-10-31,21:35:07,-07:00,2025-10-31T21:35:07-07:00,1,18
style.css,170,css,1387641c,lilliantran22,2025-10-31,21:35:07,-07:00,2025-10-31T21:35:07-07:00,1,17
style.css,171,css,1387641c,lilliantran22,2025-10-31,21:35:07,-07:00,2025-10-31T21:35:07-07:00,1,14
style.css,172,css,1387641c,lilliantran22,2025-10-31,21:35:07,-07:00,2025-10-31T21:35:07-07:00,1,36
style.css,173,css,1387641c,lilliantran22,2025-10-31,21:35:07,-07:00,2025-10-31T21:35:07-07:00,1,11
style.css,174,css,1387641c,lilliantran22,2025-10-31,21:35:07,-07:00,2025-10-31T21:35:07-07:00,1,11
style.css,175,css,1387641c,lilliantran22,2025-10-31,21:35:07,-07:00,2025-10-31T21:35:07-07:00,1,14
style.css,176,css,100a2c23,lilliantran22,2025-10-10,20:54:53,-07:00,2025-10-10T20:54:53-07:00,0,0
style.css,177,css,100a2c23,lilliantran22,2025-10-10,20:54:53,-07:00,2025-10-10T20:54:53-07:00,0,0
style.css,178,css,1387641c,lilliantran22,2025-10-31,21:35:07,-07:00,2025-10-31T21:35:07-07:00,0,17
style.css,179,css,1387641c,lilliantran22,2025-10-31,21:35:07,-07:00,2025-10-31T21:35:07-07:00,1,36
style.css,180,css,100a2c23,lilliantran22,2025-10-10,20:54:53,-07:00,2025-10-10T20:54:53-07:00,0,0
style.css,181,css,100a2c23,lilliantran22,2025-10-10,20:54:53,-07:00,2025-10-10T20:54:53-07:00,0,0
style.css,182,css,1387641c,lilliantran22,2025-10-31,21:35:07,-07:00,2025-10-31T21:35:07-07:00,0,35
style.css,183,css,1387641c,lilliantran22,2025-10-31,21:35:07,-07:00,2025-10-31T21:35:07-07:00,0,13
style.css,184,css,1387641c,lilliantran22,2025-10-31,21:35:07,-07:00,2025-10-31T21:35:07-07:00,1,17
style.css,185,css,1387641c,lilliantran22,2025-10-31,21:35:07,-07:00,2025-10-31T21:35:07-07:00,1,8
style.css,186,css,1387641c,lilliantran22,2025-10-31,21:35:07,-07:00,2025-10-31T21:35:07-07:00,1,10
style.css,187,css,1387641c,lilliantran22,2025-10-31,21:35:07,-07:00,2025-10-31T21:35:07-07:00,1,15
style.css,188,css,1387641c,lilliantran22,2025-10-31,21:35:07,-07:00,2025-10-31T21:35:07-07:00,0,0
style.css,189,css,1387641c,lilliantran22,2025-10-31,21:35:07,-07:00,2025-10-31T21:35:07-07:00,0,0
style.css,190,css,1387641c,lilliantran22,2025-10-31,21:35:07,-07:00,2025-10-31T21:35:07-07:00,0,38
style.css,191,css,1387641c,lilliantran22,2025-10-31,21:35:07,-07:00,2025-10-31T21:35:07-07:00,0,10
style.css,192,css,1387641c,lilliantran22,2025-10-31,21:35:07,-07:00,2025-10-31T21:35:07-07:00,1,12
style.css,193,css,1387641c,lilliantran22,2025-10-31,21:35:07,-07:00,2025-10-31T21:35:07-07:00,1,18
style.css,194,css,1387641c,lilliantran22,2025-10-31,21:35:07,-07:00,2025-10-31T21:35:07-07:00,1,7
style.css,195,css,1387641c,lilliantran22,2025-10-31,21:35:07,-07:00,2025-10-31T21:35:07-07:00,1,15
style.css,196,css,1387641c,lilliantran22,2025-10-31,21:35:07,-07:00,2025-10-31T21:35:07-07:00,1,14
style.css,197,css,1387641c,lilliantran22,2025-10-31,21:35:07,-07:00,2025-10-31T21:35:07-07:00,0,0
style.css,198,css,1387641c,lilliantran22,2025-10-31,21:35:07,-07:00,2025-10-31T21:35:07-07:00,0,0
style.css,199,css,1387641c,lilliantran22,2025-10-31,21:35:07,-07:00,2025-10-31T21:35:07-07:00,0,18
style.css,200,css,1387641c,lilliantran22,2025-10-31,21:35:07,-07:00,2025-10-31T21:35:07-07:00,1,14
style.css,201,css,1387641c,lilliantran22,2025-10-31,21:35:07,-07:00,2025-10-31T21:35:07-07:00,1,16
style.css,202,css,1387641c,lilliantran22,2025-10-31,21:35:07,-07:00,2025-10-31T21:35:07-07:00,1,16
style.css,203,css,1387641c,lilliantran22,2025-10-31,21:35:07,-07:00,2025-10-31T21:35:07-07:00,0,0
style.css,204,css,1387641c,lilliantran22,2025-10-31,21:35:07,-07:00,2025-10-31T21:35:07-07:00,0,0
style.css,205,css,1387641c,lilliantran22,2025-10-31,21:35:07,-07:00,2025-10-31T21:35:07-07:00,0,10
style.css,206,css,1387641c,lilliantran22,2025-10-31,21:35:07,-07:00,2025-10-31T21:35:07-07:00,0,7
style.css,207,css,100a2c23,lilliantran22,2025-10-10,20:54:53,-07:00,2025-10-10T20:54:53-07:00,1,12
style.css,208,css,1387641c,lilliantran22,2025-10-31,21:35:07,-07:00,2025-10-31T21:35:07-07:00,1,57
style.css,209,css,1387641c,lilliantran22,2025-10-31,21:35:07,-07:00,2025-10-31T21:35:07-07:00,1,15
style.css,210,css,100a2c23,lilliantran22,2025-10-10,20:54:53,-07:00,2025-10-10T20:54:53-07:00,1,11
style.css,211,css,1387641c,lilliantran22,2025-10-31,21:35:07,-07:00,2025-10-31T21:35:07-07:00,1,8
style.css,212,css,1387641c,lilliantran22,2025-10-31,21:35:07,-07:00,2025-10-31T21:35:07-07:00,1,36
style.css,213,css,1387641c,lilliantran22,2025-10-31,21:35:07,-07:00,2025-10-31T21:35:07-07:00,1,17
style.css,214,css,1387641c,lilliantran22,2025-10-31,21:35:07,-07:00,2025-10-31T21:35:07-07:00,1,6
style.css,215,css,1387641c,lilliantran22,2025-10-31,21:35:07,-07:00,2025-10-31T21:35:07-07:00,1,9
style.css,216,css,1387641c,lilliantran22,2025-10-31,21:35:07,-07:00,2025-10-31T21:35:07-07:00,1,32
style.css,217,css,1387641c,lilliantran22,2025-10-31,21:35:07,-07:00,2025-10-31T21:35:07-07:00,0,0
style.css,218,css,100a2c23,lilliantran22,2025-10-10,20:54:53,-07:00,2025-10-10T20:54:53-07:00,0,0
style.css,219,css,1387641c,lilliantran22,2025-10-31,21:35:07,-07:00,2025-10-31T21:35:07-07:00,0,10
style.css,220,css,1387641c,lilliantran22,2025-10-31,21:35:07,-07:00,2025-10-31T21:35:07-07:00,1,12
style.css,221,css,1387641c,lilliantran22,2025-10-31,21:35:07,-07:00,2025-10-31T21:35:07-07:00,1,18
style.css,222,css,1387641c,lilliantran22,2025-10-31,21:35:07,-07:00,2025-10-31T21:35:07-07:00,1,10
style.css,223,css,1387641c,lilliantran22,2025-10-31,21:35:07,-07:00,2025-10-31T21:35:07-07:00,1,14
style.css,224,css,1387641c,lilliantran22,2025-10-31,21:35:07,-07:00,2025-10-31T21:35:07-07:00,1,17
style.css,225,css,1387641c,lilliantran22,2025-10-31,21:35:07,-07:00,2025-10-31T21:35:07-07:00,1,14
style.css,226,css,1387641c,lilliantran22,2025-10-31,21:35:07,-07:00,2025-10-31T21:35:07-07:00,1,37
style.css,227,css,100a2c23,lilliantran22,2025-10-10,20:54:53,-07:00,2025-10-10T20:54:53-07:00,0,0
style.css,228,css,100a2c23,lilliantran22,2025-10-10,20:54:53,-07:00,2025-10-10T20:54:53-07:00,0,0
style.css,229,css,1387641c,lilliantran22,2025-10-31,21:35:07,-07:00,2025-10-31T21:35:07-07:00,0,16
style.css,230,css,1387641c,lilliantran22,2025-10-31,21:35:07,-07:00,2025-10-31T21:35:07-07:00,1,73
style.css,231,css,100a2c23,lilliantran22,2025-10-10,20:54:53,-07:00,2025-10-10T20:54:53-07:00,0,0
style.css,232,css,d2d01537,lilliantran22,2025-10-17,22:00:21,-07:00,2025-10-17T22:00:21-07:00,0,0
style.css,233,css,1387641c,lilliantran22,2025-10-31,21:35:07,-07:00,2025-10-31T21:35:07-07:00,0,7
style.css,234,css,1387641c,lilliantran22,2025-10-31,21:35:07,-07:00,2025-10-31T21:35:07-07:00,1,9
style.css,235,css,1387641c,lilliantran22,2025-10-31,21:35:07,-07:00,2025-10-31T21:35:07-07:00,1,10
style.css,236,css,1387641c,lilliantran22,2025-10-31,21:35:07,-07:00,2025-10-31T21:35:07-07:00,1,29
style.css,237,css,1387641c,lilliantran22,2025-10-31,21:35:07,-07:00,2025-10-31T21:35:07-07:00,1,17
style.css,238,css,1387641c,lilliantran22,2025-10-31,21:35:07,-07:00,2025-10-31T21:35:07-07:00,1,20
style.css,239,css,1387641c,lilliantran22,2025-10-31,21:35:07,-07:00,2025-10-31T21:35:07-07:00,1,13
style.css,240,css,1387641c,lilliantran22,2025-10-31,21:35:07,-07:00,2025-10-31T21:35:07-07:00,0,0
style.css,241,css,1387641c,lilliantran22,2025-10-31,21:35:07,-07:00,2025-10-31T21:35:07-07:00,0,0
style.css,242,css,1387641c,lilliantran22,2025-10-31,21:35:07,-07:00,2025-10-31T21:35:07-07:00,0,26
style.css,243,css,1387641c,lilliantran22,2025-10-31,21:35:07,-07:00,2025-10-31T21:35:07-07:00,0,51
style.css,244,css,1387641c,lilliantran22,2025-10-31,21:35:07,-07:00,2025-10-31T21:35:07-07:00,1,11
style.css,245,css,1387641c,lilliantran22,2025-10-31,21:35:07,-07:00,2025-10-31T21:35:07-07:00,0,0
style.css,246,css,1387641c,lilliantran22,2025-10-31,21:35:07,-07:00,2025-10-31T21:35:07-07:00,0,0
style.css,247,css,1387641c,lilliantran22,2025-10-31,21:35:07,-07:00,2025-10-31T21:35:07-07:00,0,4
style.css,248,css,1387641c,lilliantran22,2025-10-31,21:35:07,-07:00,2025-10-31T21:35:07-07:00,1,16
style.css,249,css,1387641c,lilliantran22,2025-10-31,21:35:07,-07:00,2025-10-31T21:35:07-07:00,1,14
style.css,250,css,1387641c,lilliantran22,2025-10-31,21:35:07,-07:00,2025-10-31T21:35:07-07:00,0,0
style.css,251,css,1387641c,lilliantran22,2025-10-31,21:35:07,-07:00,2025-10-31T21:35:07-07:00,0,0
style.css,252,css,1387641c,lilliantran22,2025-10-31,21:35:07,-07:00,2025-10-31T21:35:07-07:00,0,18
style.css,253,css,1387641c,lilliantran22,2025-10-31,21:35:07,-07:00,2025-10-31T21:35:07-07:00,0,9
style.css,254,css,1387641c,lilliantran22,2025-10-31,21:35:07,-07:00,2025-10-31T21:35:07-07:00,1,26
style.css,255,css,1387641c,lilliantran22,2025-10-31,21:35:07,-07:00,2025-10-31T21:35:07-07:00,0,0
style.css,256,css,1387641c,lilliantran22,2025-10-31,21:35:07,-07:00,2025-10-31T21:35:07-07:00,0,0
style.css,257,css,1387641c,lilliantran22,2025-10-31,21:35:07,-07:00,2025-10-31T21:35:07-07:00,0,13
style.css,258,css,1387641c,lilliantran22,2025-10-31,21:35:07,-07:00,2025-10-31T21:35:07-07:00,1,28
style.css,259,css,1387641c,lilliantran22,2025-10-31,21:35:07,-07:00,2025-10-31T21:35:07-07:00,0,0
style.css,260,css,1387641c,lilliantran22,2025-10-31,21:35:07,-07:00,2025-10-31T21:35:07-07:00,0,0
style.css,261,css,1387641c,lilliantran22,2025-10-31,21:35:07,-07:00,2025-10-31T21:35:07-07:00,0,19
style.css,262,css,1387641c,lilliantran22,2025-10-31,21:35:07,-07:00,2025-10-31T21:35:07-07:00,1,73
style.css,263,css,1387641c,lilliantran22,2025-10-31,21:35:07,-07:00,2025-10-31T21:35:07-07:00,1,16
style.css,264,css,1387641c,lilliantran22,2025-10-31,21:35:07,-07:00,2025-10-31T21:35:07-07:00,0,0
style.css,265,css,1387641c,lilliantran22,2025-10-31,21:35:07,-07:00,2025-10-31T21:35:07-07:00,0,0
style.css,266,css,1387641c,lilliantran22,2025-10-31,21:35:07,-07:00,2025-10-31T21:35:07-07:00,0,14
style.css,267,css,1387641c,lilliantran22,2025-10-31,21:35:07,-07:00,2025-10-31T21:35:07-07:00,0,10
style.css,268,css,1387641c,lilliantran22,2025-10-31,21:35:07,-07:00,2025-10-31T21:35:07-07:00,1,10
style.css,269,css,1387641c,lilliantran22,2025-10-31,21:35:07,-07:00,2025-10-31T21:35:07-07:00,1,14
style.css,270,css,1387641c,lilliantran22,2025-10-31,21:35:07,-07:00,2025-10-31T21:35:07-07:00,1,19
style.css,271,css,1387641c,lilliantran22,2025-10-31,21:35:07,-07:00,2025-10-31T21:35:07-07:00,1,12
style.css,272,css,1387641c,lilliantran22,2025-10-31,21:35:07,-07:00,2025-10-31T21:35:07-07:00,1,36
style.css,273,css,1387641c,lilliantran22,2025-10-31,21:35:07,-07:00,2025-10-31T21:35:07-07:00,1,32
style.css,274,css,1387641c,lilliantran22,2025-10-31,21:35:07,-07:00,2025-10-31T21:35:07-07:00,1,23
style.css,275,css,1387641c,lilliantran22,2025-10-31,21:35:07,-07:00,2025-10-31T21:35:07-07:00,1,17
style.css,276,css,1387641c,lilliantran22,2025-10-31,21:35:07,-07:00,2025-10-31T21:35:07-07:00,0,0
style.css,277,css,1387641c,lilliantran22,2025-10-31,21:35:07,-07:00,2025-10-31T21:35:07-07:00,0,0
style.css,278,css,1387641c,lilliantran22,2025-10-31,21:35:07,-07:00,2025-10-31T21:35:07-07:00,0,16
style.css,279,css,1387641c,lilliantran22,2025-10-31,21:35:07,-07:00,2025-10-31T21:35:07-07:00,1,37
style.css,280,css,1387641c,lilliantran22,2025-10-31,21:35:07,-07:00,2025-10-31T21:35:07-07:00,1,18
style.css,281,css,d2d01537,lilliantran22,2025-10-17,22:00:21,-07:00,2025-10-17T22:00:21-07:00,0,0
style.css,282,css,d2d01537,lilliantran22,2025-10-17,22:00:21,-07:00,2025-10-17T22:00:21-07:00,0,0
style.css,283,css,1387641c,lilliantran22,2025-10-31,21:35:07,-07:00,2025-10-31T21:35:07-07:00,0,31
style.css,284,css,d2d01537,lilliantran22,2025-10-17,22:00:21,-07:00,2025-10-17T22:00:21-07:00,0,4
style.css,285,css,d2d01537,lilliantran22,2025-10-17,22:00:21,-07:00,2025-10-17T22:00:21-07:00,1,23
style.css,286,css,00000000,Not Committed Yet,2025-11-07,14:12:21,-08:00,2025-11-07T14:12:21-08:00,0,0
style.css,287,css,00000000,Not Committed Yet,2025-11-07,14:12:21,-08:00,2025-11-07T14:12:21-08:00,0,0
style.css,288,css,00000000,Not Committed Yet,2025-11-07,14:12:21,-08:00,2025-11-07T14:12:21-08:00,0,0
style.css,289,css,00000000,Not Committed Yet,2025-11-07,14:12:21,-08:00,2025-11-07T14:12:21-08:00,0,16
style.css,290,css,00000000,Not Committed Yet,2025-11-07,14:12:21,-08:00,2025-11-07T14:12:21-08:00,0,8
style.css,291,css,00000000,Not Committed Yet,2025-11-07,14:12:21,-08:00,2025-11-07T14:12:21-08:00,1,14
style.css,292,css,00000000,Not Committed Yet,2025-11-07,14:12:21,-08:00,2025-11-07T14:12:21-08:00,1,16
style.css,293,css,00000000,Not Committed Yet,2025-11-07,14:12:21,-08:00,2025-11-07T14:12:21-08:00,1,11
style.css,294,css,00000000,Not Committed Yet,2025-11-07,14:12:21,-08:00,2025-11-07T14:12:21-08:00,1,17
style.css,295,css,00000000,Not Committed Yet,2025-11-07,14:12:21,-08:00,2025-11-07T14:12:21-08:00,1,37
style.css,296,css,00000000,Not Committed Yet,2025-11-07,14:12:21,-08:00,2025-11-07T14:12:21-08:00,1,21
style.css,297,css,00000000,Not Committed Yet,2025-11-07,14:12:21,-08:00,2025-11-07T14:12:21-08:00,1,12
style.css,298,css,00000000,Not Committed Yet,2025-11-07,14:12:21,-08:00,2025-11-07T14:12:21-08:00,0,0
style.css,299,css,00000000,Not Committed Yet,2025-11-07,14:12:21,-08:00,2025-11-07T14:12:21-08:00,0,0
style.css,300,css,00000000,Not Committed Yet,2025-11-07,14:12:21,-08:00,2025-11-07T14:12:21-08:00,0,15
style.css,301,css,00000000,Not Committed Yet,2025-11-07,14:12:21,-08:00,2025-11-07T14:12:21-08:00,1,14
style.css,302,css,00000000,Not Committed Yet,2025-11-07,14:12:21,-08:00,2025-11-07T14:12:21-08:00,1,14
style.css,303,css,00000000,Not Committed Yet,2025-11-07,14:12:21,-08:00,2025-11-07T14:12:21-08:00,0,0
style.css,304,css,00000000,Not Committed Yet,2025-11-07,14:12:21,-08:00,2025-11-07T14:12:21-08:00,0,0
style.css,305,css,00000000,Not Committed Yet,2025-11-07,14:12:21,-08:00,2025-11-07T14:12:21-08:00,0,15
style.css,306,css,00000000,Not Committed Yet,2025-11-07,14:12:21,-08:00,2025-11-07T14:12:21-08:00,1,23
style.css,307,css,00000000,Not Committed Yet,2025-11-07,14:12:21,-08:00,2025-11-07T14:12:21-08:00,0,0
style.css,308,css,00000000,Not Committed Yet,2025-11-07,14:12:21,-08:00,2025-11-07T14:12:21-08:00,0,0
style.css,309,css,00000000,Not Committed Yet,2025-11-07,14:12:21,-08:00,2025-11-07T14:12:21-08:00,0,6
style.css,310,css,00000000,Not Committed Yet,2025-11-07,14:12:21,-08:00,2025-11-07T14:12:21-08:00,1,12
style.css,311,css,00000000,Not Committed Yet,2025-11-07,14:12:21,-08:00,2025-11-07T14:12:21-08:00,1,30
style.css,312,css,00000000,Not Committed Yet,2025-11-07,14:12:21,-08:00,2025-11-07T14:12:21-08:00,1,13
style.css,313,css,00000000,Not Committed Yet,2025-11-07,14:12:21,-08:00,2025-11-07T14:12:21-08:00,0,0
style.css,314,css,00000000,Not Committed Yet,2025-11-07,14:12:21,-08:00,2025-11-07T14:12:21-08:00,0,0
style.css,315,css,00000000,Not Committed Yet,2025-11-07,14:12:21,-08:00,2025-11-07T14:12:21-08:00,0,9
style.css,316,css,00000000,Not Committed Yet,2025-11-07,14:12:21,-08:00,2025-11-07T14:12:21-08:00,1,16
style.css,317,css,00000000,Not Committed Yet,2025-11-07,14:12:21,-08:00,2025-11-07T14:12:21-08:00,0,0
style.css,318,css,00000000,Not Committed Yet,2025-11-07,14:12:21,-08:00,2025-11-07T14:12:21-08:00,0,0
style.css,319,css,00000000,Not Committed Yet,2025-11-07,14:12:21,-08:00,2025-11-07T14:12:21-08:00,0,9
style.css,320,css,00000000,Not Committed Yet,2025-11-07,14:12:21,-08:00,2025-11-07T14:12:21-08:00,1,8
style.css,321,css,00000000,Not Committed Yet,2025-11-07,14:12:21,-08:00,2025-11-07T14:12:21-08:00,0,0
style.css,322,css,00000000,Not Committed Yet,2025-11-07,14:12:21,-08:00,2025-11-07T14:12:21-08:00,0,0
style.css,323,css,00000000,Not Committed Yet,2025-11-07,14:12:21,-08:00,2025-11-07T14:12:21-08:00,0,6
style.css,324,css,00000000,Not Committed Yet,2025-11-07,14:12:21,-08:00,2025-11-07T14:12:21-08:00,1,16
style.css,325,css,00000000,Not Committed Yet,2025-11-07,14:12:21,-08:00,2025-11-07T14:12:21-08:00,0,0
style.css,326,css,00000000,Not Committed Yet,2025-11-07,14:12:21,-08:00,2025-11-07T14:12:21-08:00,0,0
style.css,327,css,00000000,Not Committed Yet,2025-11-07,14:12:21,-08:00,2025-11-07T14:12:21-08:00,0,12
style.css,328,css,00000000,Not Committed Yet,2025-11-07,14:12:21,-08:00,2025-11-07T14:12:21-08:00,1,20
style.css,329,css,d2d01537,lilliantran22,2025-10-17,22:00:21,-07:00,2025-10-17T22:00:21-07:00,0,0
index.html,1,html,6edad41,lilliantran22,2025-10-01,21:42:04,-07:00,2025-10-01T21:42:04-07:00,0,13
index.html,2,html,6edad41,lilliantran22,2025-10-01,21:42:04,-07:00,2025-10-01T21:42:04-07:00,0,14
index.html,3,html,100a2c23,lilliantran22,2025-10-10,20:54:53,-07:00,2025-10-10T20:54:53-07:00,2,4
index.html,4,html,100a2c23,lilliantran22,2025-10-10,20:54:53,-07:00,2025-10-10T20:54:53-07:00,4,20
index.html,5,html,100a2c23,lilliantran22,2025-10-10,20:54:53,-07:00,2025-10-10T20:54:53-07:00,4,68
index.html,6,html,100a2c23,lilliantran22,2025-10-10,20:54:53,-07:00,2025-10-10T20:54:53-07:00,4,54
index.html,7,html,100a2c23,lilliantran22,2025-10-10,20:54:53,-07:00,2025-10-10T20:54:53-07:00,4,38
index.html,8,html,d2d01537,lilliantran22,2025-10-17,22:00:21,-07:00,2025-10-17T22:00:21-07:00,4,48
index.html,9,html,100a2c23,lilliantran22,2025-10-10,20:54:53,-07:00,2025-10-10T20:54:53-07:00,2,5
index.html,10,html,100a2c23,lilliantran22,2025-10-10,20:54:53,-07:00,2025-10-10T20:54:53-07:00,2,4
index.html,11,html,100a2c23,lilliantran22,2025-10-10,20:54:53,-07:00,2025-10-10T20:54:53-07:00,4,3
index.html,12,html,d2d01537,lilliantran22,2025-10-17,22:00:21,-07:00,2025-10-17T22:00:21-07:00,6,27
index.html,13,html,100a2c23,lilliantran22,2025-10-10,20:54:53,-07:00,2025-10-10T20:54:53-07:00,6,40
index.html,14,html,100a2c23,lilliantran22,2025-10-10,20:54:53,-07:00,2025-10-10T20:54:53-07:00,6,38
index.html,15,html,100a2c23,lilliantran22,2025-10-10,20:54:53,-07:00,2025-10-10T20:54:53-07:00,6,36
index.html,16,html,00000000,Not Committed Yet,2025-11-07,14:12:21,-08:00,2025-11-07T14:12:21-08:00,6,32
index.html,17,html,d2d01537,lilliantran22,2025-10-17,22:00:21,-07:00,2025-10-17T22:00:21-07:00,6,67
index.html,18,html,100a2c23,lilliantran22,2025-10-10,20:54:53,-07:00,2025-10-10T20:54:53-07:00,4,4
index.html,19,html,100a2c23,lilliantran22,2025-10-10,20:54:53,-07:00,2025-10-10T20:54:53-07:00,4,2
index.html,20,html,100a2c23,lilliantran22,2025-10-10,20:54:53,-07:00,2025-10-10T20:54:53-07:00,4,10
index.html,21,html,100a2c23,lilliantran22,2025-10-10,20:54:53,-07:00,2025-10-10T20:54:53-07:00,4,3
index.html,22,html,6edad41,lilliantran22,2025-10-01,21:42:04,-07:00,2025-10-01T21:42:04-07:00,0,0
index.html,23,html,100a2c23,lilliantran22,2025-10-10,20:54:53,-07:00,2025-10-10T20:54:53-07:00,4,1
index.html,24,html,100a2c23,lilliantran22,2025-10-10,20:54:53,-07:00,2025-10-10T20:54:53-07:00,6,68
index.html,25,html,100a2c23,lilliantran22,2025-10-10,20:54:53,-07:00,2025-10-10T20:54:53-07:00,4,2
index.html,26,html,100a2c23,lilliantran22,2025-10-10,20:54:53,-07:00,2025-10-10T20:54:53-07:00,4,34
index.html,27,html,100a2c23,lilliantran22,2025-10-10,20:54:53,-07:00,2025-10-10T20:54:53-07:00,4,102
index.html,28,html,100a2c23,lilliantran22,2025-10-10,20:54:53,-07:00,2025-10-10T20:54:53-07:00,4,8
index.html,29,html,100a2c23,lilliantran22,2025-10-10,20:54:53,-07:00,2025-10-10T20:54:53-07:00,2,5
index.html,30,html,100a2c23,lilliantran22,2025-10-10,20:54:53,-07:00,2025-10-10T20:54:53-07:00,0,5
global.js,1,js,d2d01537,lilliantran22,2025-10-17,22:00:21,-07:00,2025-10-17T22:00:21-07:00,0,25
global.js,2,js,d2d01537,lilliantran22,2025-10-17,22:00:21,-07:00,2025-10-17T22:00:21-07:00,0,0
global.js,3,js,d2d01537,lilliantran22,2025-10-17,22:00:21,-07:00,2025-10-17T22:00:21-07:00,0,41
global.js,4,js,d2d01537,lilliantran22,2025-10-17,22:00:21,-07:00,2025-10-17T22:00:21-07:00,1,52
global.js,5,js,d2d01537,lilliantran22,2025-10-17,22:00:21,-07:00,2025-10-17T22:00:21-07:00,0,0
global.js,6,js,d2d01537,lilliantran22,2025-10-17,22:00:21,-07:00,2025-10-17T22:00:21-07:00,0,0
global.js,7,js,d2d01537,lilliantran22,2025-10-17,22:00:21,-07:00,2025-10-17T22:00:21-07:00,0,25
global.js,8,js,d2d01537,lilliantran22,2025-10-17,22:00:21,-07:00,2025-10-17T22:00:21-07:00,0,30
global.js,9,js,d2d01537,lilliantran22,2025-10-17,22:00:21,-07:00,2025-10-17T22:00:21-07:00,1,65
global.js,10,js,d2d01537,lilliantran22,2025-10-17,22:00:21,-07:00,2025-10-17T22:00:21-07:00,0,0
global.js,11,js,d2d01537,lilliantran22,2025-10-17,22:00:21,-07:00,2025-10-17T22:00:21-07:00,0,36
global.js,12,js,d2d01537,lilliantran22,2025-10-17,22:00:21,-07:00,2025-10-17T22:00:21-07:00,0,0
global.js,13,js,d2d01537,lilliantran22,2025-10-17,22:00:21,-07:00,2025-10-17T22:00:21-07:00,0,0
global.js,14,js,d2d01537,lilliantran22,2025-10-17,22:00:21,-07:00,2025-10-17T22:00:21-07:00,0,20
global.js,15,js,d2d01537,lilliantran22,2025-10-17,22:00:21,-07:00,2025-10-17T22:00:21-07:00,0,44
global.js,16,js,d2d01537,lilliantran22,2025-10-17,22:00:21,-07:00,2025-10-17T22:00:21-07:00,0,31
global.js,17,js,d2d01537,lilliantran22,2025-10-17,22:00:21,-07:00,2025-10-17T22:00:21-07:00,0,17
global.js,18,js,d2d01537,lilliantran22,2025-10-17,22:00:21,-07:00,2025-10-17T22:00:21-07:00,1,4
global.js,19,js,d2d01537,lilliantran22,2025-10-17,22:00:21,-07:00,2025-10-17T22:00:21-07:00,1,6
global.js,20,js,d2d01537,lilliantran22,2025-10-17,22:00:21,-07:00,2025-10-17T22:00:21-07:00,2,43
global.js,21,js,d2d01537,lilliantran22,2025-10-17,22:00:21,-07:00,2025-10-17T22:00:21-07:00,2,34
global.js,22,js,d2d01537,lilliantran22,2025-10-17,22:00:21,-07:00,2025-10-17T22:00:21-07:00,2,32
global.js,23,js,d2d01537,lilliantran22,2025-10-17,22:00:21,-07:00,2025-10-17T22:00:21-07:00,1,7
global.js,24,js,d2d01537,lilliantran22,2025-10-17,22:00:21,-07:00,2025-10-17T22:00:21-07:00,0,0
global.js,25,js,d2d01537,lilliantran22,2025-10-17,22:00:21,-07:00,2025-10-17T22:00:21-07:00,0,27
global.js,26,js,d2d01537,lilliantran22,2025-10-17,22:00:21,-07:00,2025-10-17T22:00:21-07:00,0,0
global.js,27,js,d2d01537,lilliantran22,2025-10-17,22:00:21,-07:00,2025-10-17T22:00:21-07:00,0,43
global.js,28,js,d2d01537,lilliantran22,2025-10-17,22:00:21,-07:00,2025-10-17T22:00:21-07:00,0,0
global.js,29,js,d2d01537,lilliantran22,2025-10-17,22:00:21,-07:00,2025-10-17T22:00:21-07:00,0,43
global.js,30,js,d2d01537,lilliantran22,2025-10-17,22:00:21,-07:00,2025-10-17T22:00:21-07:00,1,31
global.js,31,js,d2d01537,lilliantran22,2025-10-17,22:00:21,-07:00,2025-10-17T22:00:21-07:00,1,45
global.js,32,js,d2d01537,lilliantran22,2025-10-17,22:00:21,-07:00,2025-10-17T22:00:21-07:00,1,64
global.js,33,js,d2d01537,lilliantran22,2025-10-17,22:00:21,-07:00,2025-10-17T22:00:21-07:00,1,31
global.js,34,js,d2d01537,lilliantran22,2025-10-17,22:00:21,-07:00,2025-10-17T22:00:21-07:00,0,1
global.js,35,js,d2d01537,lilliantran22,2025-10-17,22:00:21,-07:00,2025-10-17T22:00:21-07:00,0,0
global.js,36,js,d2d01537,lilliantran22,2025-10-17,22:00:21,-07:00,2025-10-17T22:00:21-07:00,0,37
global.js,37,js,d2d01537,lilliantran22,2025-10-17,22:00:21,-07:00,2025-10-17T22:00:21-07:00,0,10
global.js,38,js,d2d01537,lilliantran22,2025-10-17,22:00:21,-07:00,2025-10-17T22:00:21-07:00,1,45
global.js,39,js,d2d01537,lilliantran22,2025-10-17,22:00:21,-07:00,2025-10-17T22:00:21-07:00,1,64
global.js,40,js,d2d01537,lilliantran22,2025-10-17,22:00:21,-07:00,2025-10-17T22:00:21-07:00,1,19
global.js,41,js,d2d01537,lilliantran22,2025-10-17,22:00:21,-07:00,2025-10-17T22:00:21-07:00,0,0
global.js,42,js,d2d01537,lilliantran22,2025-10-17,22:00:21,-07:00,2025-10-17T22:00:21-07:00,0,0
global.js,43,js,d2d01537,lilliantran22,2025-10-17,22:00:21,-07:00,2025-10-17T22:00:21-07:00,0,0
global.js,44,js,d2d01537,lilliantran22,2025-10-17,22:00:21,-07:00,2025-10-17T22:00:21-07:00,0,42
global.js,45,js,d2d01537,lilliantran22,2025-10-17,22:00:21,-07:00,2025-10-17T22:00:21-07:00,0,9
global.js,46,js,d2d01537,lilliantran22,2025-10-17,22:00:21,-07:00,2025-10-17T22:00:21-07:00,1,42
global.js,47,js,d2d01537,lilliantran22,2025-10-17,22:00:21,-07:00,2025-10-17T22:00:21-07:00,2,21
global.js,48,js,d2d01537,lilliantran22,2025-10-17,22:00:21,-07:00,2025-10-17T22:00:21-07:00,2,30
global.js,49,js,d2d01537,lilliantran22,2025-10-17,22:00:21,-07:00,2025-10-17T22:00:21-07:00,2,39
global.js,50,js,d2d01537,lilliantran22,2025-10-17,22:00:21,-07:00,2025-10-17T22:00:21-07:00,2,52
global.js,51,js,d2d01537,lilliantran22,2025-10-17,22:00:21,-07:00,2025-10-17T22:00:21-07:00,1,1
global.js,52,js,d2d01537,lilliantran22,2025-10-17,22:00:21,-07:00,2025-10-17T22:00:21-07:00,0,0
global.js,53,js,b9db3bec,lilliantran22,2025-10-24,19:58:40,-07:00,2025-10-24T19:58:40-07:00,0,0
global.js,54,js,b9db3bec,lilliantran22,2025-10-24,19:58:40,-07:00,2025-10-24T19:58:40-07:00,0,12
global.js,55,js,b9db3bec,lilliantran22,2025-10-24,19:58:40,-07:00,2025-10-24T19:58:40-07:00,0,36
global.js,56,js,b9db3bec,lilliantran22,2025-10-24,19:58:40,-07:00,2025-10-24T19:58:40-07:00,1,3
global.js,57,js,b9db3bec,lilliantran22,2025-10-24,19:58:40,-07:00,2025-10-24T19:58:40-07:00,2,32
global.js,58,js,b9db3bec,lilliantran22,2025-10-24,19:58:40,-07:00,2025-10-24T19:58:40-07:00,2,17
global.js,59,js,b9db3bec,lilliantran22,2025-10-24,19:58:40,-07:00,2025-10-24T19:58:40-07:00,3,66
global.js,60,js,b9db3bec,lilliantran22,2025-10-24,19:58:40,-07:00,2025-10-24T19:58:40-07:00,2,0
global.js,61,js,b9db3bec,lilliantran22,2025-10-24,19:58:40,-07:00,2025-10-24T19:58:40-07:00,2,33
global.js,62,js,b9db3bec,lilliantran22,2025-10-24,19:58:40,-07:00,2025-10-24T19:58:40-07:00,2,10
global.js,63,js,b9db3bec,lilliantran22,2025-10-24,19:58:40,-07:00,2025-10-24T19:58:40-07:00,1,15
global.js,64,js,b9db3bec,lilliantran22,2025-10-24,19:58:40,-07:00,2025-10-24T19:58:40-07:00,2,59
global.js,65,js,b9db3bec,lilliantran22,2025-10-24,19:58:40,-07:00,2025-10-24T19:58:40-07:00,1,0
global.js,66,js,b9db3bec,lilliantran22,2025-10-24,19:58:40,-07:00,2025-10-24T19:58:40-07:00,0,0
global.js,67,js,b9db3bec,lilliantran22,2025-10-24,19:58:40,-07:00,2025-10-24T19:58:40-07:00,0,0
global.js,68,js,1387641c,lilliantran22,2025-10-31,21:35:07,-07:00,2025-10-31T21:35:07-07:00,0,39
global.js,69,js,b9db3bec,lilliantran22,2025-10-24,19:58:40,-07:00,2025-10-24T19:58:40-07:00,0,79
global.js,70,js,b9db3bec,lilliantran22,2025-10-24,19:58:40,-07:00,2025-10-24T19:58:40-07:00,1,28
global.js,71,js,b9db3bec,lilliantran22,2025-10-24,19:58:40,-07:00,2025-10-24T19:58:40-07:00,1,51
global.js,72,js,b9db3bec,lilliantran22,2025-10-24,19:58:40,-07:00,2025-10-24T19:58:40-07:00,0,0
global.js,73,js,b9db3bec,lilliantran22,2025-10-24,19:58:40,-07:00,2025-10-24T19:58:40-07:00,1,31
global.js,74,js,b9db3bec,lilliantran22,2025-10-24,19:58:40,-07:00,2025-10-24T19:58:40-07:00,2,48
global.js,75,js,b9db3bec,lilliantran22,2025-10-24,19:58:40,-07:00,2025-10-24T19:58:40-07:00,2,19
global.js,76,js,b9db3bec,lilliantran22,2025-10-24,19:58:40,-07:00,2025-10-24T19:58:40-07:00,3,49
global.js,77,js,b9db3bec,lilliantran22,2025-10-24,19:58:40,-07:00,2025-10-24T19:58:40-07:00,3,49
global.js,78,js,b9db3bec,lilliantran22,2025-10-24,19:58:40,-07:00,2025-10-24T19:58:40-07:00,3,27
global.js,79,js,1387641c,lilliantran22,2025-10-31,21:35:07,-07:00,2025-10-31T21:35:07-07:00,3,29
global.js,80,js,b9db3bec,lilliantran22,2025-10-24,19:58:40,-07:00,2025-10-24T19:58:40-07:00,2,0
global.js,81,js,b9db3bec,lilliantran22,2025-10-24,19:58:40,-07:00,2025-10-24T19:58:40-07:00,2,36
global.js,82,js,b9db3bec,lilliantran22,2025-10-24,19:58:40,-07:00,2025-10-24T19:58:40-07:00,1,0
global.js,83,js,b9db3bec,lilliantran22,2025-10-24,19:58:40,-07:00,2025-10-24T19:58:40-07:00,0,0
global.js,84,js,b9db3bec,lilliantran22,2025-10-24,19:58:40,-07:00,2025-10-24T19:58:40-07:00,0,0
global.js,85,js,b9db3bec,lilliantran22,2025-10-24,19:58:40,-07:00,2025-10-24T19:58:40-07:00,0,0
global.js,86,js,b9db3bec,lilliantran22,2025-10-24,19:58:40,-07:00,2025-10-24T19:58:40-07:00,0,0
resume/index.html,1,html,5cf46592,lilliantran22,2025-10-03,16:58:05,-07:00,2025-10-03T16:58:05-07:00,0,13
resume/index.html,2,html,5cf46592,lilliantran22,2025-10-03,16:58:05,-07:00,2025-10-03T16:58:05-07:00,0,14
resume/index.html,3,html,5cf46592,lilliantran22,2025-10-03,16:58:05,-07:00,2025-10-03T16:58:05-07:00,0,4
resume/index.html,4,html,d2d01537,lilliantran22,2025-10-17,22:00:21,-07:00,2025-10-17T22:00:21-07:00,1,20
resume/index.html,5,html,d2d01537,lilliantran22,2025-10-17,22:00:21,-07:00,2025-10-17T22:00:21-07:00,1,68
resume/index.html,6,html,d2d01537,lilliantran22,2025-10-17,22:00:21,-07:00,2025-10-17T22:00:21-07:00,1,34
resume/index.html,7,html,d2d01537,lilliantran22,2025-10-17,22:00:21,-07:00,2025-10-17T22:00:21-07:00,1,41
resume/index.html,8,html,d2d01537,lilliantran22,2025-10-17,22:00:21,-07:00,2025-10-17T22:00:21-07:00,1,48
resume/index.html,9,html,5cf46592,lilliantran22,2025-10-03,16:58:05,-07:00,2025-10-03T16:58:05-07:00,0,5
resume/index.html,10,html,d2d01537,lilliantran22,2025-10-17,22:00:21,-07:00,2025-10-17T22:00:21-07:00,0,0
resume/index.html,11,html,5cf46592,lilliantran22,2025-10-03,16:58:05,-07:00,2025-10-03T16:58:05-07:00,0,4
resume/index.html,12,html,d2d01537,lilliantran22,2025-10-17,22:00:21,-07:00,2025-10-17T22:00:21-07:00,1,3
resume/index.html,13,html,d2d01537,lilliantran22,2025-10-17,22:00:21,-07:00,2025-10-17T22:00:21-07:00,2,30
resume/index.html,14,html,d2d01537,lilliantran22,2025-10-17,22:00:21,-07:00,2025-10-17T22:00:21-07:00,2,43
resume/index.html,15,html,d2d01537,lilliantran22,2025-10-17,22:00:21,-07:00,2025-10-17T22:00:21-07:00,2,41
resume/index.html,16,html,d2d01537,lilliantran22,2025-10-17,22:00:21,-07:00,2025-10-17T22:00:21-07:00,2,29
resume/index.html,17,html,00000000,Not Committed Yet,2025-11-07,14:12:21,-08:00,2025-11-07T14:12:21-08:00,2,35
resume/index.html,18,html,d2d01537,lilliantran22,2025-10-17,22:00:21,-07:00,2025-10-17T22:00:21-07:00,2,67
resume/index.html,19,html,d2d01537,lilliantran22,2025-10-17,22:00:21,-07:00,2025-10-17T22:00:21-07:00,1,4
resume/index.html,20,html,d2d01537,lilliantran22,2025-10-17,22:00:21,-07:00,2025-10-17T22:00:21-07:00,0,0
resume/index.html,21,html,d2d01537,lilliantran22,2025-10-17,22:00:21,-07:00,2025-10-17T22:00:21-07:00,1,4
resume/index.html,22,html,5cf46592,lilliantran22,2025-10-03,16:58:05,-07:00,2025-10-03T16:58:05-07:00,2,19
resume/index.html,23,html,5cf46592,lilliantran22,2025-10-03,16:58:05,-07:00,2025-10-03T16:58:05-07:00,2,13
resume/index.html,24,html,5cf46592,lilliantran22,2025-10-03,16:58:05,-07:00,2025-10-03T16:58:05-07:00,2,2
resume/index.html,25,html,5cf46592,lilliantran22,2025-10-03,16:58:05,-07:00,2025-10-03T16:58:05-07:00,0,0
resume/index.html,26,html,5cf46592,lilliantran22,2025-10-03,16:58:05,-07:00,2025-10-03T16:58:05-07:00,2,7
resume/index.html,27,html,d2d01537,lilliantran22,2025-10-17,22:00:21,-07:00,2025-10-17T22:00:21-07:00,3,16
resume/index.html,28,html,d2d01537,lilliantran22,2025-10-17,22:00:21,-07:00,2025-10-17T22:00:21-07:00,3,75
resume/index.html,29,html,d2d01537,lilliantran22,2025-10-17,22:00:21,-07:00,2025-10-17T22:00:21-07:00,4,42
resume/index.html,30,html,d2d01537,lilliantran22,2025-10-17,22:00:21,-07:00,2025-10-17T22:00:21-07:00,3,2
resume/index.html,31,html,5cf46592,lilliantran22,2025-10-03,16:58:05,-07:00,2025-10-03T16:58:05-07:00,2,8
resume/index.html,32,html,5cf46592,lilliantran22,2025-10-03,16:58:05,-07:00,2025-10-03T16:58:05-07:00,0,0
resume/index.html,33,html,5cf46592,lilliantran22,2025-10-03,16:58:05,-07:00,2025-10-03T16:58:05-07:00,2,2
resume/index.html,34,html,5cf46592,lilliantran22,2025-10-03,16:58:05,-07:00,2025-10-03T16:58:05-07:00,0,0
resume/index.html,35,html,5cf46592,lilliantran22,2025-10-03,16:58:05,-07:00,2025-10-03T16:58:05-07:00,2,7
resume/index.html,36,html,d2d01537,lilliantran22,2025-10-17,22:00:21,-07:00,2025-10-17T22:00:21-07:00,3,17
resume/index.html,37,html,d2d01537,lilliantran22,2025-10-17,22:00:21,-07:00,2025-10-17T22:00:21-07:00,3,50
resume/index.html,38,html,d2d01537,lilliantran22,2025-10-17,22:00:21,-07:00,2025-10-17T22:00:21-07:00,3,2
resume/index.html,39,html,d2d01537,lilliantran22,2025-10-17,22:00:21,-07:00,2025-10-17T22:00:21-07:00,4,40
resume/index.html,40,html,d2d01537,lilliantran22,2025-10-17,22:00:21,-07:00,2025-10-17T22:00:21-07:00,4,34
resume/index.html,41,html,d2d01537,lilliantran22,2025-10-17,22:00:21,-07:00,2025-10-17T22:00:21-07:00,3,3
resume/index.html,42,html,5cf46592,lilliantran22,2025-10-03,16:58:05,-07:00,2025-10-03T16:58:05-07:00,2,8
resume/index.html,43,html,5cf46592,lilliantran22,2025-10-03,16:58:05,-07:00,2025-10-03T16:58:05-07:00,0,0
resume/index.html,44,html,5cf46592,lilliantran22,2025-10-03,16:58:05,-07:00,2025-10-03T16:58:05-07:00,2,2
resume/index.html,45,html,5cf46592,lilliantran22,2025-10-03,16:58:05,-07:00,2025-10-03T16:58:05-07:00,0,0
resume/index.html,46,html,5cf46592,lilliantran22,2025-10-03,16:58:05,-07:00,2025-10-03T16:58:05-07:00,2,7
resume/index.html,47,html,d2d01537,lilliantran22,2025-10-17,22:00:21,-07:00,2025-10-17T22:00:21-07:00,3,13
resume/index.html,48,html,d2d01537,lilliantran22,2025-10-17,22:00:21,-07:00,2025-10-17T22:00:21-07:00,3,2
resume/index.html,49,html,d2d01537,lilliantran22,2025-10-17,22:00:21,-07:00,2025-10-17T22:00:21-07:00,4,35
resume/index.html,50,html,d2d01537,lilliantran22,2025-10-17,22:00:21,-07:00,2025-10-17T22:00:21-07:00,4,40
resume/index.html,51,html,d2d01537,lilliantran22,2025-10-17,22:00:21,-07:00,2025-10-17T22:00:21-07:00,3,3
resume/index.html,52,html,5cf46592,lilliantran22,2025-10-03,16:58:05,-07:00,2025-10-03T16:58:05-07:00,2,8
resume/index.html,53,html,d2d01537,lilliantran22,2025-10-17,22:00:21,-07:00,2025-10-17T22:00:21-07:00,1,5
resume/index.html,54,html,5cf46592,lilliantran22,2025-10-03,16:58:05,-07:00,2025-10-03T16:58:05-07:00,0,5
resume/index.html,55,html,d2d01537,lilliantran22,2025-10-17,22:00:21,-07:00,2025-10-17T22:00:21-07:00,0,5
projects/projects.js,1,js,1387641c,lilliantran22,2025-10-31,21:35:07,-07:00,2025-10-31T21:35:07-07:00,0,55
projects/projects.js,2,js,1387641c,lilliantran22,2025-10-31,21:35:07,-07:00,2025-10-31T21:35:07-07:00,0,63
projects/projects.js,3,js,1387641c,lilliantran22,2025-10-31,21:35:07,-07:00,2025-10-31T21:35:07-07:00,0,0
projects/projects.js,4,js,1387641c,lilliantran22,2025-10-31,21:35:07,-07:00,2025-10-31T21:35:07-07:00,0,21
projects/projects.js,5,js,1387641c,lilliantran22,2025-10-31,21:35:07,-07:00,2025-10-31T21:35:07-07:00,0,19
projects/projects.js,6,js,b9db3bec,lilliantran22,2025-10-24,19:58:40,-07:00,2025-10-24T19:58:40-07:00,0,0
projects/projects.js,7,js,b9db3bec,lilliantran22,2025-10-24,19:58:40,-07:00,2025-10-24T19:58:40-07:00,0,21
projects/projects.js,8,js,1387641c,lilliantran22,2025-10-31,21:35:07,-07:00,2025-10-31T21:35:07-07:00,1,52
projects/projects.js,9,js,1387641c,lilliantran22,2025-10-31,21:35:07,-07:00,2025-10-31T21:35:07-07:00,1,41
projects/projects.js,10,js,1387641c,lilliantran22,2025-10-31,21:35:07,-07:00,2025-10-31T21:35:07-07:00,1,0
projects/projects.js,11,js,1387641c,lilliantran22,2025-10-31,21:35:07,-07:00,2025-10-31T21:35:07-07:00,1,10
projects/projects.js,12,js,1387641c,lilliantran22,2025-10-31,21:35:07,-07:00,2025-10-31T21:35:07-07:00,2,56
projects/projects.js,13,js,1387641c,lilliantran22,2025-10-31,21:35:07,-07:00,2025-10-31T21:35:07-07:00,1,0
projects/projects.js,14,js,b9db3bec,lilliantran22,2025-10-24,19:58:40,-07:00,2025-10-24T19:58:40-07:00,0,0
projects/projects.js,15,js,1387641c,lilliantran22,2025-10-31,21:35:07,-07:00,2025-10-31T21:35:07-07:00,1,60
projects/projects.js,16,js,1387641c,lilliantran22,2025-10-31,21:35:07,-07:00,2025-10-31T21:35:07-07:00,1,55
projects/projects.js,17,js,1387641c,lilliantran22,2025-10-31,21:35:07,-07:00,2025-10-31T21:35:07-07:00,1,0
projects/projects.js,18,js,1387641c,lilliantran22,2025-10-31,21:35:07,-07:00,2025-10-31T21:35:07-07:00,1,15
projects/projects.js,19,js,1387641c,lilliantran22,2025-10-31,21:35:07,-07:00,2025-10-31T21:35:07-07:00,1,51
projects/projects.js,20,js,1387641c,lilliantran22,2025-10-31,21:35:07,-07:00,2025-10-31T21:35:07-07:00,1,26
projects/projects.js,21,js,b9db3bec,lilliantran22,2025-10-24,19:58:40,-07:00,2025-10-24T19:58:40-07:00,0,0
projects/projects.js,22,js,1387641c,lilliantran22,2025-10-31,21:35:07,-07:00,2025-10-31T21:35:07-07:00,1,21
projects/projects.js,23,js,1387641c,lilliantran22,2025-10-31,21:35:07,-07:00,2025-10-31T21:35:07-07:00,1,48
projects/projects.js,24,js,1387641c,lilliantran22,2025-10-31,21:35:07,-07:00,2025-10-31T21:35:07-07:00,2,50
projects/projects.js,25,js,b9db3bec,lilliantran22,2025-10-24,19:58:40,-07:00,2025-10-24T19:58:40-07:00,0,0
projects/projects.js,26,js,1387641c,lilliantran22,2025-10-31,21:35:07,-07:00,2025-10-31T21:35:07-07:00,2,54
projects/projects.js,27,js,1387641c,lilliantran22,2025-10-31,21:35:07,-07:00,2025-10-31T21:35:07-07:00,3,58
projects/projects.js,28,js,1387641c,lilliantran22,2025-10-31,21:35:07,-07:00,2025-10-31T21:35:07-07:00,3,28
projects/projects.js,29,js,1387641c,lilliantran22,2025-10-31,21:35:07,-07:00,2025-10-31T21:35:07-07:00,2,1
projects/projects.js,30,js,b9db3bec,lilliantran22,2025-10-24,19:58:40,-07:00,2025-10-24T19:58:40-07:00,0,0
projects/projects.js,31,js,1387641c,lilliantran22,2025-10-31,21:35:07,-07:00,2025-10-31T21:35:07-07:00,2,31
projects/projects.js,32,js,1387641c,lilliantran22,2025-10-31,21:35:07,-07:00,2025-10-31T21:35:07-07:00,2,17
projects/projects.js,33,js,1387641c,lilliantran22,2025-10-31,21:35:07,-07:00,2025-10-31T21:35:07-07:00,2,0
projects/projects.js,34,js,1387641c,lilliantran22,2025-10-31,21:35:07,-07:00,2025-10-31T21:35:07-07:00,2,40
projects/projects.js,35,js,1387641c,lilliantran22,2025-10-31,21:35:07,-07:00,2025-10-31T21:35:07-07:00,2,56
projects/projects.js,36,js,1387641c,lilliantran22,2025-10-31,21:35:07,-07:00,2025-10-31T21:35:07-07:00,2,31
projects/projects.js,37,js,1387641c,lilliantran22,2025-10-31,21:35:07,-07:00,2025-10-31T21:35:07-07:00,2,0
projects/projects.js,38,js,1387641c,lilliantran22,2025-10-31,21:35:07,-07:00,2025-10-31T21:35:07-07:00,2,33
projects/projects.js,39,js,1387641c,lilliantran22,2025-10-31,21:35:07,-07:00,2025-10-31T21:35:07-07:00,2,10
projects/projects.js,40,js,1387641c,lilliantran22,2025-10-31,21:35:07,-07:00,2025-10-31T21:35:07-07:00,3,61
projects/projects.js,41,js,1387641c,lilliantran22,2025-10-31,21:35:07,-07:00,2025-10-31T21:35:07-07:00,2,0
projects/projects.js,42,js,1387641c,lilliantran22,2025-10-31,21:35:07,-07:00,2025-10-31T21:35:07-07:00,1,1
projects/projects.js,43,js,1387641c,lilliantran22,2025-10-31,21:35:07,-07:00,2025-10-31T21:35:07-07:00,0,0
projects/projects.js,44,js,1387641c,lilliantran22,2025-10-31,21:35:07,-07:00,2025-10-31T21:35:07-07:00,0,0
projects/projects.js,45,js,1387641c,lilliantran22,2025-10-31,21:35:07,-07:00,2025-10-31T21:35:07-07:00,0,38
projects/projects.js,46,js,1387641c,lilliantran22,2025-10-31,21:35:07,-07:00,2025-10-31T21:35:07-07:00,1,24
projects/projects.js,47,js,1387641c,lilliantran22,2025-10-31,21:35:07,-07:00,2025-10-31T21:35:07-07:00,1,28
projects/projects.js,48,js,1387641c,lilliantran22,2025-10-31,21:35:07,-07:00,2025-10-31T21:35:07-07:00,1,32
projects/projects.js,49,js,1387641c,lilliantran22,2025-10-31,21:35:07,-07:00,2025-10-31T21:35:07-07:00,0,0
projects/projects.js,50,js,1387641c,lilliantran22,2025-10-31,21:35:07,-07:00,2025-10-31T21:35:07-07:00,1,35
projects/projects.js,51,js,1387641c,lilliantran22,2025-10-31,21:35:07,-07:00,2025-10-31T21:35:07-07:00,1,32
projects/projects.js,52,js,1387641c,lilliantran22,2025-10-31,21:35:07,-07:00,2025-10-31T21:35:07-07:00,0,0
projects/projects.js,53,js,1387641c,lilliantran22,2025-10-31,21:35:07,-07:00,2025-10-31T21:35:07-07:00,1,23
projects/projects.js,54,js,1387641c,lilliantran22,2025-10-31,21:35:07,-07:00,2025-10-31T21:35:07-07:00,1,29
projects/projects.js,55,js,1387641c,lilliantran22,2025-10-31,21:35:07,-07:00,2025-10-31T21:35:07-07:00,2,12
projects/projects.js,56,js,1387641c,lilliantran22,2025-10-31,21:35:07,-07:00,2025-10-31T21:35:07-07:00,2,14
projects/projects.js,57,js,1387641c,lilliantran22,2025-10-31,21:35:07,-07:00,2025-10-31T21:35:07-07:00,2,11
projects/projects.js,58,js,1387641c,lilliantran22,2025-10-31,21:35:07,-07:00,2025-10-31T21:35:07-07:00,1,0
projects/projects.js,59,js,1387641c,lilliantran22,2025-10-31,21:35:07,-07:00,2025-10-31T21:35:07-07:00,0,0
projects/projects.js,60,js,1387641c,lilliantran22,2025-10-31,21:35:07,-07:00,2025-10-31T21:35:07-07:00,1,26
projects/projects.js,61,js,1387641c,lilliantran22,2025-10-31,21:35:07,-07:00,2025-10-31T21:35:07-07:00,1,50
projects/projects.js,62,js,1387641c,lilliantran22,2025-10-31,21:35:07,-07:00,2025-10-31T21:35:07-07:00,2,35
projects/projects.js,63,js,1387641c,lilliantran22,2025-10-31,21:35:07,-07:00,2025-10-31T21:35:07-07:00,1,1
projects/projects.js,64,js,1387641c,lilliantran22,2025-10-31,21:35:07,-07:00,2025-10-31T21:35:07-07:00,0,0
projects/projects.js,65,js,1387641c,lilliantran22,2025-10-31,21:35:07,-07:00,2025-10-31T21:35:07-07:00,1,21
projects/projects.js,66,js,1387641c,lilliantran22,2025-10-31,21:35:07,-07:00,2025-10-31T21:35:07-07:00,1,53
projects/projects.js,67,js,1387641c,lilliantran22,2025-10-31,21:35:07,-07:00,2025-10-31T21:35:07-07:00,1,42
projects/projects.js,68,js,1387641c,lilliantran22,2025-10-31,21:35:07,-07:00,2025-10-31T21:35:07-07:00,1,0
projects/projects.js,69,js,1387641c,lilliantran22,2025-10-31,21:35:07,-07:00,2025-10-31T21:35:07-07:00,1,21
projects/projects.js,70,js,1387641c,lilliantran22,2025-10-31,21:35:07,-07:00,2025-10-31T21:35:07-07:00,1,51
projects/projects.js,71,js,1387641c,lilliantran22,2025-10-31,21:35:07,-07:00,2025-10-31T21:35:07-07:00,1,0
projects/projects.js,72,js,1387641c,lilliantran22,2025-10-31,21:35:07,-07:00,2025-10-31T21:35:07-07:00,1,12
projects/projects.js,73,js,1387641c,lilliantran22,2025-10-31,21:35:07,-07:00,2025-10-31T21:35:07-07:00,1,47
projects/projects.js,74,js,1387641c,lilliantran22,2025-10-31,21:35:07,-07:00,2025-10-31T21:35:07-07:00,0,0
projects/projects.js,75,js,1387641c,lilliantran22,2025-10-31,21:35:07,-07:00,2025-10-31T21:35:07-07:00,1,37
projects/projects.js,76,js,1387641c,lilliantran22,2025-10-31,21:35:07,-07:00,2025-10-31T21:35:07-07:00,1,60
projects/projects.js,77,js,1387641c,lilliantran22,2025-10-31,21:35:07,-07:00,2025-10-31T21:35:07-07:00,0,0
projects/projects.js,78,js,1387641c,lilliantran22,2025-10-31,21:35:07,-07:00,2025-10-31T21:35:07-07:00,1,23
projects/projects.js,79,js,1387641c,lilliantran22,2025-10-31,21:35:07,-07:00,2025-10-31T21:35:07-07:00,1,4
projects/projects.js,80,js,1387641c,lilliantran22,2025-10-31,21:35:07,-07:00,2025-10-31T21:35:07-07:00,2,16
projects/projects.js,81,js,1387641c,lilliantran22,2025-10-31,21:35:07,-07:00,2025-10-31T21:35:07-07:00,2,15
projects/projects.js,82,js,1387641c,lilliantran22,2025-10-31,21:35:07,-07:00,2025-10-31T21:35:07-07:00,2,11
projects/projects.js,83,js,1387641c,lilliantran22,2025-10-31,21:35:07,-07:00,2025-10-31T21:35:07-07:00,2,16
projects/projects.js,84,js,1387641c,lilliantran22,2025-10-31,21:35:07,-07:00,2025-10-31T21:35:07-07:00,2,36
projects/projects.js,85,js,1387641c,lilliantran22,2025-10-31,21:35:07,-07:00,2025-10-31T21:35:07-07:00,2,67
projects/projects.js,86,js,1387641c,lilliantran22,2025-10-31,21:35:07,-07:00,2025-10-31T21:35:07-07:00,2,25
projects/projects.js,87,js,1387641c,lilliantran22,2025-10-31,21:35:07,-07:00,2025-10-31T21:35:07-07:00,2,26
projects/projects.js,88,js,1387641c,lilliantran22,2025-10-31,21:35:07,-07:00,2025-10-31T21:35:07-07:00,3,55
projects/projects.js,89,js,1387641c,lilliantran22,2025-10-31,21:35:07,-07:00,2025-10-31T21:35:07-07:00,3,0
projects/projects.js,90,js,1387641c,lilliantran22,2025-10-31,21:35:07,-07:00,2025-10-31T21:35:07-07:00,3,35
projects/projects.js,91,js,1387641c,lilliantran22,2025-10-31,21:35:07,-07:00,2025-10-31T21:35:07-07:00,3,26
projects/projects.js,92,js,1387641c,lilliantran22,2025-10-31,21:35:07,-07:00,2025-10-31T21:35:07-07:00,3,0
projects/projects.js,93,js,1387641c,lilliantran22,2025-10-31,21:35:07,-07:00,2025-10-31T21:35:07-07:00,3,24
projects/projects.js,94,js,1387641c,lilliantran22,2025-10-31,21:35:07,-07:00,2025-10-31T21:35:07-07:00,3,28
projects/projects.js,95,js,1387641c,lilliantran22,2025-10-31,21:35:07,-07:00,2025-10-31T21:35:07-07:00,2,1
projects/projects.js,96,js,1387641c,lilliantran22,2025-10-31,21:35:07,-07:00,2025-10-31T21:35:07-07:00,0,0
projects/projects.js,97,js,1387641c,lilliantran22,2025-10-31,21:35:07,-07:00,2025-10-31T21:35:07-07:00,1,14
projects/projects.js,98,js,1387641c,lilliantran22,2025-10-31,21:35:07,-07:00,2025-10-31T21:35:07-07:00,1,7
projects/projects.js,99,js,1387641c,lilliantran22,2025-10-31,21:35:07,-07:00,2025-10-31T21:35:07-07:00,2,14
projects/projects.js,100,js,1387641c,lilliantran22,2025-10-31,21:35:07,-07:00,2025-10-31T21:35:07-07:00,2,12
projects/projects.js,101,js,1387641c,lilliantran22,2025-10-31,21:35:07,-07:00,2025-10-31T21:35:07-07:00,2,9
projects/projects.js,102,js,1387641c,lilliantran22,2025-10-31,21:35:07,-07:00,2025-10-31T21:35:07-07:00,2,50
projects/projects.js,103,js,1387641c,lilliantran22,2025-10-31,21:35:07,-07:00,2025-10-31T21:35:07-07:00,2,82
projects/projects.js,104,js,1387641c,lilliantran22,2025-10-31,21:35:07,-07:00,2025-10-31T21:35:07-07:00,2,4
projects/projects.js,105,js,1387641c,lilliantran22,2025-10-31,21:35:07,-07:00,2025-10-31T21:35:07-07:00,3,68
projects/projects.js,106,js,1387641c,lilliantran22,2025-10-31,21:35:07,-07:00,2025-10-31T21:35:07-07:00,2,0
projects/projects.js,107,js,1387641c,lilliantran22,2025-10-31,21:35:07,-07:00,2025-10-31T21:35:07-07:00,2,25
projects/projects.js,108,js,1387641c,lilliantran22,2025-10-31,21:35:07,-07:00,2025-10-31T21:35:07-07:00,2,26
projects/projects.js,109,js,1387641c,lilliantran22,2025-10-31,21:35:07,-07:00,2025-10-31T21:35:07-07:00,3,55
projects/projects.js,110,js,1387641c,lilliantran22,2025-10-31,21:35:07,-07:00,2025-10-31T21:35:07-07:00,3,0
projects/projects.js,111,js,1387641c,lilliantran22,2025-10-31,21:35:07,-07:00,2025-10-31T21:35:07-07:00,3,35
projects/projects.js,112,js,1387641c,lilliantran22,2025-10-31,21:35:07,-07:00,2025-10-31T21:35:07-07:00,3,26
projects/projects.js,113,js,1387641c,lilliantran22,2025-10-31,21:35:07,-07:00,2025-10-31T21:35:07-07:00,3,0
projects/projects.js,114,js,1387641c,lilliantran22,2025-10-31,21:35:07,-07:00,2025-10-31T21:35:07-07:00,3,24
projects/projects.js,115,js,1387641c,lilliantran22,2025-10-31,21:35:07,-07:00,2025-10-31T21:35:07-07:00,3,28
projects/projects.js,116,js,1387641c,lilliantran22,2025-10-31,21:35:07,-07:00,2025-10-31T21:35:07-07:00,2,1
projects/projects.js,117,js,1387641c,lilliantran22,2025-10-31,21:35:07,-07:00,2025-10-31T21:35:07-07:00,0,0
projects/projects.js,118,js,1387641c,lilliantran22,2025-10-31,21:35:07,-07:00,2025-10-31T21:35:07-07:00,1,62
projects/projects.js,119,js,1387641c,lilliantran22,2025-10-31,21:35:07,-07:00,2025-10-31T21:35:07-07:00,1,36
projects/projects.js,120,js,1387641c,lilliantran22,2025-10-31,21:35:07,-07:00,2025-10-31T21:35:07-07:00,2,60
projects/projects.js,121,js,1387641c,lilliantran22,2025-10-31,21:35:07,-07:00,2025-10-31T21:35:07-07:00,2,41
projects/projects.js,122,js,1387641c,lilliantran22,2025-10-31,21:35:07,-07:00,2025-10-31T21:35:07-07:00,2,0
projects/projects.js,123,js,1387641c,lilliantran22,2025-10-31,21:35:07,-07:00,2025-10-31T21:35:07-07:00,2,25
projects/projects.js,124,js,1387641c,lilliantran22,2025-10-31,21:35:07,-07:00,2025-10-31T21:35:07-07:00,3,18
projects/projects.js,125,js,1387641c,lilliantran22,2025-10-31,21:35:07,-07:00,2025-10-31T21:35:07-07:00,3,51
projects/projects.js,126,js,1387641c,lilliantran22,2025-10-31,21:35:07,-07:00,2025-10-31T21:35:07-07:00,3,10
projects/projects.js,127,js,1387641c,lilliantran22,2025-10-31,21:35:07,-07:00,2025-10-31T21:35:07-07:00,4,56
projects/projects.js,128,js,1387641c,lilliantran22,2025-10-31,21:35:07,-07:00,2025-10-31T21:35:07-07:00,3,0
projects/projects.js,129,js,1387641c,lilliantran22,2025-10-31,21:35:07,-07:00,2025-10-31T21:35:07-07:00,2,6
projects/projects.js,130,js,1387641c,lilliantran22,2025-10-31,21:35:07,-07:00,2025-10-31T21:35:07-07:00,3,38
projects/projects.js,131,js,1387641c,lilliantran22,2025-10-31,21:35:07,-07:00,2025-10-31T21:35:07-07:00,3,48
projects/projects.js,132,js,1387641c,lilliantran22,2025-10-31,21:35:07,-07:00,2025-10-31T21:35:07-07:00,3,52
projects/projects.js,133,js,1387641c,lilliantran22,2025-10-31,21:35:07,-07:00,2025-10-31T21:35:07-07:00,4,27
projects/projects.js,134,js,1387641c,lilliantran22,2025-10-31,21:35:07,-07:00,2025-10-31T21:35:07-07:00,3,0
projects/projects.js,135,js,1387641c,lilliantran22,2025-10-31,21:35:07,-07:00,2025-10-31T21:35:07-07:00,3,56
projects/projects.js,136,js,1387641c,lilliantran22,2025-10-31,21:35:07,-07:00,2025-10-31T21:35:07-07:00,3,10
projects/projects.js,137,js,1387641c,lilliantran22,2025-10-31,21:35:07,-07:00,2025-10-31T21:35:07-07:00,4,61
projects/projects.js,138,js,1387641c,lilliantran22,2025-10-31,21:35:07,-07:00,2025-10-31T21:35:07-07:00,3,0
projects/projects.js,139,js,1387641c,lilliantran22,2025-10-31,21:35:07,-07:00,2025-10-31T21:35:07-07:00,2,0
projects/projects.js,140,js,b9db3bec,lilliantran22,2025-10-24,19:58:40,-07:00,2025-10-24T19:58:40-07:00,1,0
projects/projects.js,141,js,b9db3bec,lilliantran22,2025-10-24,19:58:40,-07:00,2025-10-24T19:58:40-07:00,0,0
projects/projects.js,142,js,b9db3bec,lilliantran22,2025-10-24,19:58:40,-07:00,2025-10-24T19:58:40-07:00,0,0
projects/projects.js,143,js,b9db3bec,lilliantran22,2025-10-24,19:58:40,-07:00,2025-10-24T19:58:40-07:00,0,5
projects/projects.js,144,js,1387641c,lilliantran22,2025-10-31,21:35:07,-07:00,2025-10-31T21:35:07-07:00,0,0
projects/index.html,1,html,5cf46592,lilliantran22,2025-10-03,16:58:05,-07:00,2025-10-03T16:58:05-07:00,0,13
projects/index.html,2,html,5cf46592,lilliantran22,2025-10-03,16:58:05,-07:00,2025-10-03T16:58:05-07:00,0,14
projects/index.html,3,html,5cf46592,lilliantran22,2025-10-03,16:58:05,-07:00,2025-10-03T16:58:05-07:00,0,4
projects/index.html,4,html,b9db3bec,lilliantran22,2025-10-24,19:58:40,-07:00,2025-10-24T19:58:40-07:00,1,22
projects/index.html,5,html,b9db3bec,lilliantran22,2025-10-24,19:58:40,-07:00,2025-10-24T19:58:40-07:00,1,70
projects/index.html,6,html,b9db3bec,lilliantran22,2025-10-24,19:58:40,-07:00,2025-10-24T19:58:40-07:00,1,36
projects/index.html,7,html,b9db3bec,lilliantran22,2025-10-24,19:58:40,-07:00,2025-10-24T19:58:40-07:00,1,43
projects/index.html,8,html,b9db3bec,lilliantran22,2025-10-24,19:58:40,-07:00,2025-10-24T19:58:40-07:00,1,48
projects/index.html,9,html,b9db3bec,lilliantran22,2025-10-24,19:58:40,-07:00,2025-10-24T19:58:40-07:00,1,47
projects/index.html,10,html,5cf46592,lilliantran22,2025-10-03,16:58:05,-07:00,2025-10-03T16:58:05-07:00,0,5
projects/index.html,11,html,5cf46592,lilliantran22,2025-10-03,16:58:05,-07:00,2025-10-03T16:58:05-07:00,0,4
projects/index.html,12,html,b9db3bec,lilliantran22,2025-10-24,19:58:40,-07:00,2025-10-24T19:58:40-07:00,1,3
projects/index.html,13,html,b9db3bec,lilliantran22,2025-10-24,19:58:40,-07:00,2025-10-24T19:58:40-07:00,2,30
projects/index.html,14,html,b9db3bec,lilliantran22,2025-10-24,19:58:40,-07:00,2025-10-24T19:58:40-07:00,2,47
projects/index.html,15,html,b9db3bec,lilliantran22,2025-10-24,19:58:40,-07:00,2025-10-24T19:58:40-07:00,2,41
projects/index.html,16,html,b9db3bec,lilliantran22,2025-10-24,19:58:40,-07:00,2025-10-24T19:58:40-07:00,2,39
projects/index.html,17,html,00000000,Not Committed Yet,2025-11-07,14:12:21,-08:00,2025-11-07T14:12:21-08:00,2,35
projects/index.html,18,html,b9db3bec,lilliantran22,2025-10-24,19:58:40,-07:00,2025-10-24T19:58:40-07:00,2,67
projects/index.html,19,html,b9db3bec,lilliantran22,2025-10-24,19:58:40,-07:00,2025-10-24T19:58:40-07:00,1,4
projects/index.html,20,html,b9db3bec,lilliantran22,2025-10-24,19:58:40,-07:00,2025-10-24T19:58:40-07:00,0,0
projects/index.html,21,html,b9db3bec,lilliantran22,2025-10-24,19:58:40,-07:00,2025-10-24T19:58:40-07:00,1,4
projects/index.html,22,html,1387641c,lilliantran22,2025-10-31,21:35:07,-07:00,2025-10-31T21:35:07-07:00,2,41
projects/index.html,23,html,1387641c,lilliantran22,2025-10-31,21:35:07,-07:00,2025-10-31T21:35:07-07:00,2,0
projects/index.html,24,html,1387641c,lilliantran22,2025-10-31,21:35:07,-07:00,2025-10-31T21:35:07-07:00,2,21
projects/index.html,25,html,1387641c,lilliantran22,2025-10-31,21:35:07,-07:00,2025-10-31T21:35:07-07:00,2,101
projects/index.html,26,html,1387641c,lilliantran22,2025-10-31,21:35:07,-07:00,2025-10-31T21:35:07-07:00,2,0
projects/index.html,27,html,1387641c,lilliantran22,2025-10-31,21:35:07,-07:00,2025-10-31T21:35:07-07:00,2,45
projects/index.html,28,html,1387641c,lilliantran22,2025-10-31,21:35:07,-07:00,2025-10-31T21:35:07-07:00,2,21
projects/index.html,29,html,1387641c,lilliantran22,2025-10-31,21:35:07,-07:00,2025-10-31T21:35:07-07:00,3,58
projects/index.html,30,html,1387641c,lilliantran22,2025-10-31,21:35:07,-07:00,2025-10-31T21:35:07-07:00,3,22
projects/index.html,31,html,1387641c,lilliantran22,2025-10-31,21:35:07,-07:00,2025-10-31T21:35:07-07:00,2,4
projects/index.html,32,html,1387641c,lilliantran22,2025-10-31,21:35:07,-07:00,2025-10-31T21:35:07-07:00,0,0
projects/index.html,33,html,b9db3bec,lilliantran22,2025-10-24,19:58:40,-07:00,2025-10-24T19:58:40-07:00,2,26
projects/index.html,34,html,b9db3bec,lilliantran22,2025-10-24,19:58:40,-07:00,2025-10-24T19:58:40-07:00,1,5
projects/index.html,35,html,5cf46592,lilliantran22,2025-10-03,16:58:05,-07:00,2025-10-03T16:58:05-07:00,0,5
projects/index.html,36,html,1387641c,lilliantran22,2025-10-31,21:35:07,-07:00,2025-10-31T21:35:07-07:00,0,5
contact/index.html,1,html,5cf46592,lilliantran22,2025-10-03,16:58:05,-07:00,2025-10-03T16:58:05-07:00,0,13
contact/index.html,2,html,5cf46592,lilliantran22,2025-10-03,16:58:05,-07:00,2025-10-03T16:58:05-07:00,0,14
contact/index.html,3,html,5cf46592,lilliantran22,2025-10-03,16:58:05,-07:00,2025-10-03T16:58:05-07:00,0,4
contact/index.html,4,html,5cf46592,lilliantran22,2025-10-03,16:58:05,-07:00,2025-10-03T16:58:05-07:00,2,20
contact/index.html,5,html,5cf46592,lilliantran22,2025-10-03,16:58:05,-07:00,2025-10-03T16:58:05-07:00,2,68
contact/index.html,6,html,5cf46592,lilliantran22,2025-10-03,16:58:05,-07:00,2025-10-03T16:58:05-07:00,2,35
contact/index.html,7,html,5cf46592,lilliantran22,2025-10-03,16:58:05,-07:00,2025-10-03T16:58:05-07:00,2,41
contact/index.html,8,html,d2d01537,lilliantran22,2025-10-17,22:00:21,-07:00,2025-10-17T22:00:21-07:00,2,48
contact/index.html,9,html,5cf46592,lilliantran22,2025-10-03,16:58:05,-07:00,2025-10-03T16:58:05-07:00,0,5
contact/index.html,10,html,5cf46592,lilliantran22,2025-10-03,16:58:05,-07:00,2025-10-03T16:58:05-07:00,0,4
contact/index.html,11,html,5cf46592,lilliantran22,2025-10-03,16:58:05,-07:00,2025-10-03T16:58:05-07:00,2,3
contact/index.html,12,html,5cf46592,lilliantran22,2025-10-03,16:58:05,-07:00,2025-10-03T16:58:05-07:00,4,30
contact/index.html,13,html,5cf46592,lilliantran22,2025-10-03,16:58:05,-07:00,2025-10-03T16:58:05-07:00,4,43
contact/index.html,14,html,d2d01537,lilliantran22,2025-10-17,22:00:21,-07:00,2025-10-17T22:00:21-07:00,4,30
contact/index.html,15,html,100a2c23,lilliantran22,2025-10-10,20:54:53,-07:00,2025-10-10T20:54:53-07:00,4,39
contact/index.html,16,html,00000000,Not Committed Yet,2025-11-07,14:12:22,-08:00,2025-11-07T14:12:22-08:00,4,35
contact/index.html,17,html,d2d01537,lilliantran22,2025-10-17,22:00:21,-07:00,2025-10-17T22:00:21-07:00,4,67
contact/index.html,18,html,5cf46592,lilliantran22,2025-10-03,16:58:05,-07:00,2025-10-03T16:58:05-07:00,2,4
contact/index.html,19,html,5cf46592,lilliantran22,2025-10-03,16:58:05,-07:00,2025-10-03T16:58:05-07:00,0,0
contact/index.html,20,html,5cf46592,lilliantran22,2025-10-03,16:58:05,-07:00,2025-10-03T16:58:05-07:00,2,17
contact/index.html,21,html,5cf46592,lilliantran22,2025-10-03,16:58:05,-07:00,2025-10-03T16:58:05-07:00,2,71
contact/index.html,22,html,5cf46592,lilliantran22,2025-10-03,16:58:05,-07:00,2025-10-03T16:58:05-07:00,4,5
contact/index.html,23,html,5cf46592,lilliantran22,2025-10-03,16:58:05,-07:00,2025-10-03T16:58:05-07:00,6,4
contact/index.html,24,html,5cf46592,lilliantran22,2025-10-03,16:58:05,-07:00,2025-10-03T16:58:05-07:00,6,33
contact/index.html,25,html,5cf46592,lilliantran22,2025-10-03,16:58:05,-07:00,2025-10-03T16:58:05-07:00,4,6
contact/index.html,26,html,5cf46592,lilliantran22,2025-10-03,16:58:05,-07:00,2025-10-03T16:58:05-07:00,4,5
contact/index.html,27,html,5cf46592,lilliantran22,2025-10-03,16:58:05,-07:00,2025-10-03T16:58:05-07:00,6,6
contact/index.html,28,html,5cf46592,lilliantran22,2025-10-03,16:58:05,-07:00,2025-10-03T16:58:05-07:00,6,32
contact/index.html,29,html,5cf46592,lilliantran22,2025-10-03,16:58:05,-07:00,2025-10-03T16:58:05-07:00,4,6
contact/index.html,30,html,5cf46592,lilliantran22,2025-10-03,16:58:05,-07:00,2025-10-03T16:58:05-07:00,4,5
contact/index.html,31,html,5cf46592,lilliantran22,2025-10-03,16:58:05,-07:00,2025-10-03T16:58:05-07:00,6,3
contact/index.html,32,html,5cf46592,lilliantran22,2025-10-03,16:58:05,-07:00,2025-10-03T16:58:05-07:00,6,31
contact/index.html,33,html,5cf46592,lilliantran22,2025-10-03,16:58:05,-07:00,2025-10-03T16:58:05-07:00,4,6
contact/index.html,34,html,5cf46592,lilliantran22,2025-10-03,16:58:05,-07:00,2025-10-03T16:58:05-07:00,4,35
contact/index.html,35,html,5cf46592,lilliantran22,2025-10-03,16:58:05,-07:00,2025-10-03T16:58:05-07:00,2,5
contact/index.html,36,html,5cf46592,lilliantran22,2025-10-03,16:58:05,-07:00,2025-10-03T16:58:05-07:00,0,0
contact/index.html,37,html,5cf46592,lilliantran22,2025-10-03,16:58:05,-07:00,2025-10-03T16:58:05-07:00,0,5
contact/index.html,38,html,5cf46592,lilliantran22,2025-10-03,16:58:05,-07:00,2025-10-03T16:58:05-07:00,0,5
